survived,pclass,sex,age,sibsp,parch,fare,embarked,class,who,adult_male,deck,embark_town,alive,alone,passenger_id,constant_col,embark_town_dirty
0,3,male,22.0,1,0,7.25,S,Third,man,True,,Southampton,no,False,1,1,Southampton
1,1,female,38.0,1,0,71.2833,C,First,woman,False,C,Cherbourg,yes,False,2,1,Cherbourg
1,3,female,26.0,0,0,7.925,S,Third,woman,False,,Southampton,yes,True,3,1,Southampton
1,1,female,35.0,1,0,53.1,S,First,woman,False,C,Southampton,yes,False,4,1,Southampton
0,3,male,35.0,0,0,8.05,S,Third,man,True,,Southampton,no,True,5,1,Southampton
0,3,male,,0,0,8.4583,Q,Third,man,True,,Queenstown,no,True,6,1,Queenstown
0,1,male,54.0,0,0,51.8625,S,First,man,True,E,Southampton,no,True,7,1,Southampton
0,3,male,2.0,3,1,21.075,S,Third,child,False,,Southampton,no,False,8,1,Southampton
1,3,female,27.0,0,2,11.1333,S,Third,woman,False,,Southampton,yes,False,9,1,Southampton
1,2,female,14.0,1,0,30.0708,C,Second,child,False,,Cherbourg,yes,False,10,1,Cherbourg
1,3,female,4.0,1,1,16.7,S,Third,child,False,G,Southampton,yes,False,11,1,Southampton
1,1,female,58.0,0,0,26.55,S,First,woman,False,C,Southampton,yes,True,12,1,Southampton
0,3,male,20.0,0,0,8.05,S,Third,man,True,,Southampton,no,True,13,1,Southampton
0,3,male,39.0,1,5,31.275,S,Third,man,True,,Southampton,no,False,14,1,Southampton
0,3,female,14.0,0,0,7.8542,S,Third,child,False,,Southampton,no,True,15,1,Southampton
1,2,female,55.0,0,0,16.0,S,Second,woman,False,,Southampton,yes,True,16,1,Southampton
0,3,male,2.0,4,1,29.125,Q,Third,child,False,,Queenstown,no,False,17,1,Queenstown
1,2,male,,0,0,13.0,S,Second,man,True,,Southampton,yes,True,18,1,Southampton
0,3,female,31.0,1,0,18.0,S,Third,woman,False,,Southampton,no,False,19,1,Southampton
1,3,female,,0,0,7.225,C,Third,woman,False,,Cherbourg,yes,True,20,1,Cherbourg
0,2,male,35.0,0,0,26.0,S,Second,man,True,,Southampton,no,True,21,1,Southampton
1,2,male,34.0,0,0,13.0,S,Second,man,True,D,Southampton,yes,True,22,1,Southampton
1,3,female,15.0,0,0,8.0292,Q,Third,child,False,,Queenstown,yes,True,23,1,Queenstown
1,1,male,28.0,0,0,35.5,S,First,man,True,A,Southampton,yes,True,24,1,Southampton
0,3,female,8.0,3,1,21.075,S,Third,child,False,,Southampton,no,False,25,1,Southampton
1,3,female,38.0,1,5,31.3875,S,Third,woman,False,,Southampton,yes,False,26,1,Southampton
0,3,male,,0,0,7.225,C,Third,man,True,,Cherbourg,no,True,27,1,Cherbourg
0,1,male,19.0,3,2,263.0,S,First,man,True,C,Southampton,no,False,28,1,Southampton
1,3,female,,0,0,7.8792,Q,Third,woman,False,,Queenstown,yes,True,29,1,Queenstown
0,3,male,,0,0,7.8958,S,Third,man,True,,Southampton,no,True,30,1,Southampton
0,1,male,40.0,0,0,27.7208,C,First,man,True,,Cherbourg,no,True,31,1,Cherbourg
1,1,female,,1,0,146.5208,C,First,woman,False,B,Cherbourg,yes,False,32,1,Cherbourg
1,3,female,,0,0,7.75,Q,Third,woman,False,,Queenstown,yes,True,33,1,Queenstown
0,2,male,66.0,0,0,10.5,S,Second,man,True,,Southampton,no,True,34,1,Southampton
0,1,male,28.0,1,0,82.1708,C,First,man,True,,Cherbourg,no,False,35,1,Cherbourg
0,1,male,42.0,1,0,52.0,S,First,man,True,,Southampton,no,False,36,1,Southampton
1,3,male,,0,0,7.2292,C,Third,man,True,,Cherbourg,yes,True,37,1,Cherbourg
0,3,male,21.0,0,0,8.05,S,Third,man,True,,Southampton,no,True,38,1,Southampton
0,3,female,18.0,2,0,18.0,S,Third,woman,False,,Southampton,no,False,39,1,Southampton
1,3,female,14.0,1,0,11.2417,C,Third,child,False,,Cherbourg,yes,False,40,1, Cherbourg 
0,3,female,40.0,1,0,9.475,S,Third,woman,False,,Southampton,no,False,41,1,Southampton
0,2,female,27.0,1,0,21.0,S,Second,woman,False,,Southampton,no,False,42,1,Southampton
0,3,male,,0,0,7.8958,C,Third,man,True,,Cherbourg,no,True,43,1,Cherbourg
1,2,female,3.0,1,2,41.5792,C,Second,child,False,,Cherbourg,yes,False,44,1,Cherbourg
1,3,female,19.0,0,0,7.8792,Q,Third,woman,False,,Queenstown,yes,True,45,1,Queenstown
0,3,male,,0,0,8.05,S,Third,man,True,,Southampton,no,True,46,1,Southampton
0,3,male,,1,0,15.5,Q,Third,man,True,,Queenstown,no,False,47,1,Queenstown
1,3,female,,0,0,7.75,Q,Third,woman,False,,Queenstown,yes,True,48,1,Queenstown
0,3,male,,2,0,21.6792,C,Third,man,True,,Cherbourg,no,False,49,1,Cherbourg
0,3,female,18.0,1,0,17.8,S,Third,woman,False,,Southampton,no,False,50,1,Southampton
0,3,male,7.0,4,1,39.6875,S,Third,child,False,,Southampton,no,False,51,1,Southampton
0,3,male,21.0,0,0,7.8,S,Third,man,True,,Southampton,no,True,52,1,Southampton
1,1,female,49.0,1,0,76.7292,C,First,woman,False,D,Cherbourg,yes,False,53,1,Cherbourg
1,2,female,29.0,1,0,26.0,S,Second,woman,False,,Southampton,yes,False,54,1,Southampton
0,1,male,65.0,0,1,61.9792,C,First,man,True,B,Cherbourg,no,False,55,1,Cherbourg
1,1,male,,0,0,35.5,S,First,man,True,C,Southampton,yes,True,56,1,Southampton
1,2,female,21.0,0,0,10.5,S,Second,woman,False,,Southampton,yes,True,57,1,Southampton
0,3,male,28.5,0,0,7.2292,C,Third,man,True,,Cherbourg,no,True,58,1,Cherbourg
1,2,female,5.0,1,2,27.75,S,Second,child,False,,Southampton,yes,False,59,1,Southampton
0,3,male,11.0,5,2,46.9,S,Third,child,False,,Southampton,no,False,60,1,Southampton
0,3,male,22.0,0,0,7.2292,C,Third,man,True,,Cherbourg,no,True,61,1,Cherbourg
1,1,female,38.0,0,0,80.0,,First,woman,False,B,,yes,True,62,1,
0,1,male,45.0,1,0,83.475,S,First,man,True,C,Southampton,no,False,63,1,Southampton
0,3,male,4.0,3,2,27.9,S,Third,child,False,,Southampton,no,False,64,1,Southampton
0,1,male,,0,0,27.7208,C,First,man,True,,Cherbourg,no,True,65,1,Cherbourg
1,3,male,,1,1,15.2458,C,Third,man,True,,Cherbourg,yes,False,66,1,Cherbourg
1,2,female,29.0,0,0,10.5,S,Second,woman,False,F,Southampton,yes,True,67,1,Southampton
0,3,male,19.0,0,0,8.1583,S,Third,man,True,,Southampton,no,True,68,1,Southampton
1,3,female,17.0,4,2,7.925,S,Third,woman,False,,Southampton,yes,False,69,1,Southampton
0,3,male,26.0,2,0,8.6625,S,Third,man,True,,Southampton,no,False,70,1,Southampton
0,2,male,32.0,0,0,10.5,S,Second,man,True,,Southampton,no,True,71,1,Southampton
0,3,female,16.0,5,2,46.9,S,Third,woman,False,,Southampton,no,False,72,1,Southampton
0,2,male,21.0,0,0,73.5,S,Second,man,True,,Southampton,no,True,73,1,Southampton
0,3,male,26.0,1,0,14.4542,C,Third,man,True,,Cherbourg,no,False,74,1,Cherbourg
1,3,male,32.0,0,0,56.4958,S,Third,man,True,,Southampton,yes,True,75,1,Southampton
0,3,male,25.0,0,0,7.65,S,Third,man,True,F,Southampton,no,True,76,1,Southampton
0,3,male,,0,0,7.8958,S,Third,man,True,,Southampton,no,True,77,1,Southampton
0,3,male,,0,0,8.05,S,Third,man,True,,Southampton,no,True,78,1,Southampton
1,2,male,0.83,0,2,29.0,S,Second,child,False,,Southampton,yes,False,79,1,Southampton
1,3,female,30.0,0,0,12.475,S,Third,woman,False,,Southampton,yes,True,80,1,Southampton
0,3,male,22.0,0,0,9.0,S,Third,man,True,,Southampton,no,True,81,1,Southampton
1,3,male,29.0,0,0,9.5,S,Third,man,True,,Southampton,yes,True,82,1,Southampton
1,3,female,,0,0,7.7875,Q,Third,woman,False,,Queenstown,yes,True,83,1,Queenstown
0,1,male,28.0,0,0,47.1,S,First,man,True,,Southampton,no,True,84,1,Southampton
1,2,female,17.0,0,0,10.5,S,Second,woman,False,,Southampton,yes,True,85,1,Southampton
1,3,female,33.0,3,0,15.85,S,Third,woman,False,,Southampton,yes,False,86,1,Southampton
0,3,male,16.0,1,3,34.375,S,Third,man,True,,Southampton,no,False,87,1,Southampton
0,3,male,,0,0,8.05,S,Third,man,True,,Southampton,no,True,88,1,Southampton
1,1,female,23.0,3,2,263.0,S,First,woman,False,C,Southampton,yes,False,89,1,Southampton
0,3,male,24.0,0,0,8.05,S,Third,man,True,,Southampton,no,True,90,1,Southampton
0,3,male,29.0,0,0,8.05,S,Third,man,True,,Southampton,no,True,91,1,Southampton
0,3,male,20.0,0,0,7.8542,S,Third,man,True,,Southampton,no,True,92,1,Southampton
0,1,male,46.0,1,0,61.175,S,First,man,True,E,Southampton,no,False,93,1,Southampton
0,3,male,26.0,1,2,20.575,S,Third,man,True,,Southampton,no,False,94,1,Southampton
0,3,male,59.0,0,0,7.25,S,Third,man,True,,Southampton,no,True,95,1,Southampton
0,3,male,,0,0,8.05,S,Third,man,True,,Southampton,no,True,96,1,Southampton
0,1,male,71.0,0,0,34.6542,C,First,man,True,A,Cherbourg,no,True,97,1,Cherbourg
1,1,male,23.0,0,1,63.3583,C,First,man,True,D,Cherbourg,yes,False,98,1,Cherbourg
1,2,female,34.0,0,1,23.0,S,Second,woman,False,,Southampton,yes,False,99,1,Southampton
0,2,male,34.0,1,0,26.0,S,Second,man,True,,Southampton,no,False,100,1,Southampton
0,3,female,28.0,0,0,7.8958,S,Third,woman,False,,Southampton,no,True,101,1,Southampton
0,3,male,,0,0,7.8958,S,Third,man,True,,Southampton,no,True,102,1,Southampton
0,1,male,21.0,0,1,77.2875,S,First,man,True,D,Southampton,no,False,103,1,Southampton
0,3,male,33.0,0,0,8.6542,S,Third,man,True,,Southampton,no,True,104,1,Southampton
0,3,male,37.0,2,0,7.925,S,Third,man,True,,Southampton,no,False,105,1,Southampton
0,3,male,28.0,0,0,7.8958,S,Third,man,True,,Southampton,no,True,106,1,Southampton
1,3,female,21.0,0,0,7.65,S,Third,woman,False,,Southampton,yes,True,107,1,Southampton
1,3,male,,0,0,7.775,S,Third,man,True,,Southampton,yes,True,108,1,Southampton
0,3,male,38.0,0,0,7.8958,S,Third,man,True,,Southampton,no,True,109,1,Southampton
1,3,female,,1,0,24.15,Q,Third,woman,False,,Queenstown,yes,False,110,1,Queenstown
0,1,male,47.0,0,0,52.0,S,First,man,True,C,Southampton,no,True,111,1,Southampton
0,3,female,14.5,1,0,14.4542,C,Third,child,False,,Cherbourg,no,False,112,1,Cherbourg
0,3,male,22.0,0,0,8.05,S,Third,man,True,,Southampton,no,True,113,1,Southampton
0,3,female,20.0,1,0,9.825,S,Third,woman,False,,Southampton,no,False,114,1,Southampton
0,3,female,17.0,0,0,14.4583,C,Third,woman,False,,Cherbourg,no,True,115,1,Cherbourg
0,3,male,21.0,0,0,7.925,S,Third,man,True,,Southampton,no,True,116,1,Southampton
0,3,male,70.5,0,0,7.75,Q,Third,man,True,,Queenstown,no,True,117,1,Queenstown
0,2,male,29.0,1,0,21.0,S,Second,man,True,,Southampton,no,False,118,1,Southampton
0,1,male,24.0,0,1,247.5208,C,First,man,True,B,Cherbourg,no,False,119,1,Cherbourg
0,3,female,2.0,4,2,31.275,S,Third,child,False,,Southampton,no,False,120,1,Southampton
0,2,male,21.0,2,0,73.5,S,Second,man,True,,Southampton,no,False,121,1,Southampton
0,3,male,,0,0,8.05,S,Third,man,True,,Southampton,no,True,122,1,Southampton
0,2,male,32.5,1,0,30.0708,C,Second,man,True,,Cherbourg,no,False,123,1,Cherbourg
1,2,female,32.5,0,0,13.0,S,Second,woman,False,E,Southampton,yes,True,124,1,Southampton
0,1,male,54.0,0,1,77.2875,S,First,man,True,D,Southampton,no,False,125,1,Southampton
1,3,male,12.0,1,0,11.2417,C,Third,child,False,,Cherbourg,yes,False,126,1,Cherbourg
0,3,male,,0,0,7.75,Q,Third,man,True,,Queenstown,no,True,127,1,Queenstown
1,3,male,24.0,0,0,7.1417,S,Third,man,True,,Southampton,yes,True,128,1,Southampton
1,3,female,,1,1,22.3583,C,Third,woman,False,F,Cherbourg,yes,False,129,1,Cherbourg
0,3,male,45.0,0,0,6.975,S,Third,man,True,,Southampton,no,True,130,1,Southampton
0,3,male,33.0,0,0,7.8958,C,Third,man,True,,Cherbourg,no,True,131,1,Cherbourg
0,3,male,20.0,0,0,7.05,S,Third,man,True,,Southampton,no,True,132,1,Southampton
0,3,female,47.0,1,0,14.5,S,Third,woman,False,,Southampton,no,False,133,1,Southampton
1,2,female,29.0,1,0,26.0,S,Second,woman,False,,Southampton,yes,False,134,1,Southampton
0,2,male,25.0,0,0,13.0,S,Second,man,True,,Southampton,no,True,135,1,Southampton
0,2,male,23.0,0,0,15.0458,C,Second,man,True,,Cherbourg,no,True,136,1,Cherbourg
1,1,female,19.0,0,2,26.2833,S,First,woman,False,D,Southampton,yes,False,137,1,Southampton
0,1,male,37.0,1,0,53.1,S,First,man,True,C,Southampton,no,False,138,1,Southampton
0,3,male,16.0,0,0,9.2167,S,Third,man,True,,Southampton,no,True,139,1,Southampton
0,1,male,24.0,0,0,79.2,C,First,man,True,B,Cherbourg,no,True,140,1,Cherbourg
0,3,female,,0,2,15.2458,C,Third,woman,False,,Cherbourg,no,False,141,1,Cherbourg
1,3,female,22.0,0,0,7.75,S,Third,woman,False,,Southampton,yes,True,142,1,Southampton
1,3,female,24.0,1,0,15.85,S,Third,woman,False,,Southampton,yes,False,143,1,Southampton
0,3,male,19.0,0,0,6.75,Q,Third,man,True,,Queenstown,no,True,144,1,Queenstown
0,2,male,18.0,0,0,11.5,S,Second,man,True,,Southampton,no,True,145,1,Southampton
0,2,male,19.0,1,1,36.75,S,Second,man,True,,Southampton,no,False,146,1,Southampton
1,3,male,27.0,0,0,7.7958,S,Third,man,True,,Southampton,yes,True,147,1,Southampton
0,3,female,9.0,2,2,34.375,S,Third,child,False,,Southampton,no,False,148,1,Southampton
0,2,male,36.5,0,2,26.0,S,Second,man,True,F,Southampton,no,False,149,1,Southampton
0,2,male,42.0,0,0,13.0,S,Second,man,True,,Southampton,no,True,150,1,Southampton
0,2,male,51.0,0,0,12.525,S,Second,man,True,,Southampton,no,True,151,1,Southampton
1,1,female,22.0,1,0,66.6,S,First,woman,False,C,Southampton,yes,False,152,1,Southampton
0,3,male,55.5,0,0,8.05,S,Third,man,True,,Southampton,no,True,153,1,Southampton
0,3,male,40.5,0,2,14.5,S,Third,man,True,,Southampton,no,False,154,1,Southampton
0,3,male,,0,0,7.3125,S,Third,man,True,,Southampton,no,True,155,1,Southampton
0,1,male,51.0,0,1,61.3792,C,First,man,True,,Cherbourg,no,False,156,1,Cherbourg
1,3,female,16.0,0,0,7.7333,Q,Third,woman,False,,Queenstown,yes,True,157,1,Queenstown
0,3,male,30.0,0,0,8.05,S,Third,man,True,,Southampton,no,True,158,1,Southampton
0,3,male,,0,0,8.6625,S,Third,man,True,,Southampton,no,True,159,1,Southampton
0,3,male,,8,2,69.55,S,Third,man,True,,Southampton,no,False,160,1,Southampton
0,3,male,44.0,0,1,16.1,S,Third,man,True,,Southampton,no,False,161,1,Southampton
1,2,female,40.0,0,0,15.75,S,Second,woman,False,,Southampton,yes,True,162,1,Southampton
0,3,male,26.0,0,0,7.775,S,Third,man,True,,Southampton,no,True,163,1,Southampton
0,3,male,17.0,0,0,8.6625,S,Third,man,True,,Southampton,no,True,164,1,Southampton
0,3,male,1.0,4,1,39.6875,S,Third,child,False,,Southampton,no,False,165,1,Southampton
1,3,male,9.0,0,2,20.525,S,Third,child,False,,Southampton,yes,False,166,1,Southampton
1,1,female,,0,1,55.0,S,First,woman,False,E,Southampton,yes,False,167,1,Southampton
0,3,female,45.0,1,4,27.9,S,Third,woman,False,,Southampton,no,False,168,1,Southampton
0,1,male,,0,0,25.925,S,First,man,True,,Southampton,no,True,169,1,Southampton
0,3,male,28.0,0,0,56.4958,S,Third,man,True,,Southampton,no,True,170,1,Southampton
0,1,male,61.0,0,0,33.5,S,First,man,True,B,Southampton,no,True,171,1,Southampton
0,3,male,4.0,4,1,29.125,Q,Third,child,False,,Queenstown,no,False,172,1,Queenstown
1,3,female,1.0,1,1,11.1333,S,Third,child,False,,Southampton,yes,False,173,1,Southampton
0,3,male,21.0,0,0,7.925,S,Third,man,True,,Southampton,no,True,174,1,Southampton
0,1,male,56.0,0,0,30.6958,C,First,man,True,A,Cherbourg,no,True,175,1,Cherbourg
0,3,male,18.0,1,1,7.8542,S,Third,man,True,,Southampton,no,False,176,1,Southampton
0,3,male,,3,1,25.4667,S,Third,man,True,,Southampton,no,False,177,1,Southampton
0,1,female,50.0,0,0,28.7125,C,First,woman,False,C,Cherbourg,no,True,178,1,Cherbourg
0,2,male,30.0,0,0,13.0,S,Second,man,True,,Southampton,no,True,179,1,Southampton
0,3,male,36.0,0,0,0.0,S,Third,man,True,,Southampton,no,True,180,1,Southampton
0,3,female,,8,2,69.55,S,Third,woman,False,,Southampton,no,False,181,1,Southampton
0,2,male,,0,0,15.05,C,Second,man,True,,Cherbourg,no,True,182,1,Cherbourg
0,3,male,9.0,4,2,31.3875,S,Third,child,False,,Southampton,no,False,183,1,Southampton
1,2,male,1.0,2,1,39.0,S,Second,child,False,F,Southampton,yes,False,184,1,Southampton
1,3,female,4.0,0,2,22.025,S,Third,child,False,,Southampton,yes,False,185,1,Southampton
0,1,male,,0,0,50.0,S,First,man,True,A,Southampton,no,True,186,1,Southampton
1,3,female,,1,0,15.5,Q,Third,woman,False,,Queenstown,yes,False,187,1,Queenstown
1,1,male,45.0,0,0,26.55,S,First,man,True,,Southampton,yes,True,188,1,Southampton
0,3,male,40.0,1,1,15.5,Q,Third,man,True,,Queenstown,no,False,189,1,Queenstown
0,3,male,36.0,0,0,7.8958,S,Third,man,True,,Southampton,no,True,190,1,Southampton
1,2,female,32.0,0,0,13.0,S,Second,woman,False,,Southampton,yes,True,191,1,Southampton
0,2,male,19.0,0,0,13.0,S,Second,man,True,,Southampton,no,True,192,1,Southampton
1,3,female,19.0,1,0,7.8542,S,Third,woman,False,,Southampton,yes,False,193,1,Southampton
1,2,male,3.0,1,1,26.0,S,Second,child,False,F,Southampton,yes,False,194,1,Southampton
1,1,female,44.0,0,0,27.7208,C,First,woman,False,B,Cherbourg,yes,True,195,1,Cherbourg
1,1,female,58.0,0,0,146.5208,C,First,woman,False,B,Cherbourg,yes,True,196,1,Cherbourg
0,3,male,,0,0,7.75,Q,Third,man,True,,Queenstown,no,True,197,1,Queenstown
0,3,male,42.0,0,1,8.4042,S,Third,man,True,,Southampton,no,False,198,1,Southampton
1,3,female,,0,0,7.75,Q,Third,woman,False,,Queenstown,yes,True,199,1,Queenstown
0,2,female,24.0,0,0,13.0,S,Second,woman,False,,Southampton,no,True,200,1,Southampton
0,3,male,28.0,0,0,9.5,S,Third,man,True,,Southampton,no,True,201,1,Southampton
0,3,male,,8,2,69.55,S,Third,man,True,,Southampton,no,False,202,1,Southampton
0,3,male,34.0,0,0,6.4958,S,Third,man,True,,Southampton,no,True,203,1,Southampton
0,3,male,45.5,0,0,7.225,C,Third,man,True,,Cherbourg,no,True,204,1,Cherbourg
1,3,male,18.0,0,0,8.05,S,Third,man,True,,Southampton,yes,True,205,1,Southampton
0,3,female,2.0,0,1,10.4625,S,Third,child,False,G,Southampton,no,False,206,1,Southampton
0,3,male,32.0,1,0,15.85,S,Third,man,True,,Southampton,no,False,207,1,Southampton
1,3,male,26.0,0,0,18.7875,C,Third,man,True,,Cherbourg,yes,True,208,1,Cherbourg
1,3,female,16.0,0,0,7.75,Q,Third,woman,False,,Queenstown,yes,True,209,1,Queenstown
1,1,male,40.0,0,0,31.0,C,First,man,True,A,Cherbourg,yes,True,210,1,Cherbourg
0,3,male,24.0,0,0,7.05,S,Third,man,True,,Southampton,no,True,211,1,Southampton
1,2,female,35.0,0,0,21.0,S,Second,woman,False,,Southampton,yes,True,212,1,Southampton
0,3,male,22.0,0,0,7.25,S,Third,man,True,,Southampton,no,True,213,1,Southampton
0,2,male,30.0,0,0,13.0,S,Second,man,True,,Southampton,no,True,214,1,Southampton
0,3,male,,1,0,7.75,Q,Third,man,True,,Queenstown,no,False,215,1,Queenstown
1,1,female,31.0,1,0,113.275,C,First,woman,False,D,Cherbourg,yes,False,216,1,Cherbourg
1,3,female,27.0,0,0,7.925,S,Third,woman,False,,Southampton,yes,True,217,1,Southampton
0,2,male,42.0,1,0,27.0,S,Second,man,True,,Southampton,no,False,218,1,Southampton
1,1,female,32.0,0,0,76.2917,C,First,woman,False,D,Cherbourg,yes,True,219,1,Cherbourg
0,2,male,30.0,0,0,10.5,S,Second,man,True,,Southampton,no,True,220,1,Southampton
1,3,male,16.0,0,0,8.05,S,Third,man,True,,Southampton,yes,True,221,1,Southampton
0,2,male,27.0,0,0,13.0,S,Second,man,True,,Southampton,no,True,222,1,Southampton
0,3,male,51.0,0,0,8.05,S,Third,man,True,,Southampton,no,True,223,1,Southampton
0,3,male,,0,0,7.8958,S,Third,man,True,,Southampton,no,True,224,1,Southampton
1,1,male,38.0,1,0,90.0,S,First,man,True,C,Southampton,yes,False,225,1,Southampton
0,3,male,22.0,0,0,9.35,S,Third,man,True,,Southampton,no,True,226,1,Southampton
1,2,male,19.0,0,0,10.5,S,Second,man,True,,Southampton,yes,True,227,1,Southampton
0,3,male,20.5,0,0,7.25,S,Third,man,True,,Southampton,no,True,228,1,Southampton
0,2,male,18.0,0,0,13.0,S,Second,man,True,,Southampton,no,True,229,1,Southampton
0,3,female,,3,1,25.4667,S,Third,woman,False,,Southampton,no,False,230,1,Southampton
1,1,female,35.0,1,0,83.475,S,First,woman,False,C,Southampton,yes,False,231,1,Southampton
0,3,male,29.0,0,0,7.775,S,Third,man,True,,Southampton,no,True,232,1,Southampton
0,2,male,59.0,0,0,13.5,S,Second,man,True,,Southampton,no,True,233,1,Southampton
1,3,female,5.0,4,2,31.3875,S,Third,child,False,,Southampton,yes,False,234,1,Southampton
0,2,male,24.0,0,0,10.5,S,Second,man,True,,Southampton,no,True,235,1,Southampton
0,3,female,,0,0,7.55,S,Third,woman,False,,Southampton,no,True,236,1,Southampton
0,2,male,44.0,1,0,26.0,S,Second,man,True,,Southampton,no,False,237,1,Southampton
1,2,female,8.0,0,2,26.25,S,Second,child,False,,Southampton,yes,False,238,1,Southampton
0,2,male,19.0,0,0,10.5,S,Second,man,True,,Southampton,no,True,239,1,Southampton
0,2,male,33.0,0,0,12.275,S,Second,man,True,,Southampton,no,True,240,1,Southampton
0,3,female,,1,0,14.4542,C,Third,woman,False,,Cherbourg,no,False,241,1,Cherbourg
1,3,female,,1,0,15.5,Q,Third,woman,False,,Queenstown,yes,False,242,1,Queenstown
0,2,male,29.0,0,0,10.5,S,Second,man,True,,Southampton,no,True,243,1,Southampton
0,3,male,22.0,0,0,7.125,S,Third,man,True,,Southampton,no,True,244,1,Southampton
0,3,male,30.0,0,0,7.225,C,Third,man,True,,Cherbourg,no,True,245,1,Cherbourg
0,1,male,44.0,2,0,90.0,Q,First,man,True,C,Queenstown,no,False,246,1,Queenstown
0,3,female,25.0,0,0,7.775,S,Third,woman,False,,Southampton,no,True,247,1,Southampton
1,2,female,24.0,0,2,14.5,S,Second,woman,False,,Southampton,yes,False,248,1,Southampton
1,1,male,37.0,1,1,52.5542,S,First,man,True,D,Southampton,yes,False,249,1,Southampton
0,2,male,54.0,1,0,26.0,S,Second,man,True,,Southampton,no,False,250,1,Southampton
0,3,male,,0,0,7.25,S,Third,man,True,,Southampton,no,True,251,1,Southampton
0,3,female,29.0,1,1,10.4625,S,Third,woman,False,G,Southampton,no,False,252,1,Southampton
0,1,male,62.0,0,0,26.55,S,First,man,True,C,Southampton,no,True,253,1,Southampton
0,3,male,30.0,1,0,16.1,S,Third,man,True,,Southampton,no,False,254,1,Southampton
0,3,female,41.0,0,2,20.2125,S,Third,woman,False,,Southampton,no,False,255,1,Southampton
1,3,female,29.0,0,2,15.2458,C,Third,woman,False,,Cherbourg,yes,False,256,1,Cherbourg
1,1,female,,0,0,79.2,C,First,woman,False,,Cherbourg,yes,True,257,1,Cherbourg
1,1,female,30.0,0,0,86.5,S,First,woman,False,B,Southampton,yes,True,258,1,Southampton
1,1,female,35.0,0,0,512.3292,C,First,woman,False,,Cherbourg,yes,True,259,1,Cherbourg
1,2,female,50.0,0,1,26.0,S,Second,woman,False,,Southampton,yes,False,260,1,Southampton
0,3,male,,0,0,7.75,Q,Third,man,True,,Queenstown,no,True,261,1,Queenstown
1,3,male,3.0,4,2,31.3875,S,Third,child,False,,Southampton,yes,False,262,1,Southampton
0,1,male,52.0,1,1,79.65,S,First,man,True,E,Southampton,no,False,263,1,Southampton
0,1,male,40.0,0,0,0.0,S,First,man,True,B,Southampton,no,True,264,1,Southampton
0,3,female,,0,0,7.75,Q,Third,woman,False,,Queenstown,no,True,265,1,Queenstown
0,2,male,36.0,0,0,10.5,S,Second,man,True,,Southampton,no,True,266,1,Southampton
0,3,male,16.0,4,1,39.6875,S,Third,man,True,,Southampton,no,False,267,1,Southampton
1,3,male,25.0,1,0,7.775,S,Third,man,True,,Southampton,yes,False,268,1,Southampton
1,1,female,58.0,0,1,153.4625,S,First,woman,False,C,Southampton,yes,False,269,1,Southampton
1,1,female,35.0,0,0,135.6333,S,First,woman,False,C,Southampton,yes,True,270,1,Southampton
0,1,male,,0,0,31.0,S,First,man,True,,Southampton,no,True,271,1,Southampton
1,3,male,25.0,0,0,0.0,S,Third,man,True,,Southampton,yes,True,272,1,Southampton
1,2,female,41.0,0,1,19.5,S,Second,woman,False,,Southampton,yes,False,273,1,Southampton
0,1,male,37.0,0,1,29.7,C,First,man,True,C,Cherbourg,no,False,274,1,Cherbourg
1,3,female,,0,0,7.75,Q,Third,woman,False,,Queenstown,yes,True,275,1,Queenstown
1,1,female,63.0,1,0,77.9583,S,First,woman,False,D,Southampton,yes,False,276,1,Southampton
0,3,female,45.0,0,0,7.75,S,Third,woman,False,,Southampton,no,True,277,1,Southampton
0,2,male,,0,0,0.0,S,Second,man,True,,Southampton,no,True,278,1,Southampton
0,3,male,7.0,4,1,29.125,Q,Third,child,False,,Queenstown,no,False,279,1,Queenstown
1,3,female,35.0,1,1,20.25,S,Third,woman,False,,Southampton,yes,False,280,1,Southampton
0,3,male,65.0,0,0,7.75,Q,Third,man,True,,Queenstown,no,True,281,1,Queenstown
0,3,male,28.0,0,0,7.8542,S,Third,man,True,,Southampton,no,True,282,1,SOUTHAMPTON
0,3,male,16.0,0,0,9.5,S,Third,man,True,,Southampton,no,True,283,1,Southampton
1,3,male,19.0,0,0,8.05,S,Third,man,True,,Southampton,yes,True,284,1,Southampton
0,1,male,,0,0,26.0,S,First,man,True,A,Southampton,no,True,285,1,Southampton
0,3,male,33.0,0,0,8.6625,C,Third,man,True,,Cherbourg,no,True,286,1,Cherbourg
1,3,male,30.0,0,0,9.5,S,Third,man,True,,Southampton,yes,True,287,1,Southampton
0,3,male,22.0,0,0,7.8958,S,Third,man,True,,Southampton,no,True,288,1,Southampton
1,2,male,42.0,0,0,13.0,S,Second,man,True,,Southampton,yes,True,289,1,Southampton
1,3,female,22.0,0,0,7.75,Q,Third,woman,False,,Queenstown,yes,True,290,1,Queenstown
1,1,female,26.0,0,0,78.85,S,First,woman,False,,Southampton,yes,True,291,1,Southampton
1,1,female,19.0,1,0,91.0792,C,First,woman,False,B,Cherbourg,yes,False,292,1,Cherbourg
0,2,male,36.0,0,0,12.875,C,Second,man,True,D,Cherbourg,no,True,293,1,Cherbourg
0,3,female,24.0,0,0,8.85,S,Third,woman,False,,Southampton,no,True,294,1,Southampton
0,3,male,24.0,0,0,7.8958,S,Third,man,True,,Southampton,no,True,295,1,Southampton
0,1,male,,0,0,27.7208,C,First,man,True,,Cherbourg,no,True,296,1,Cherbourg
0,3,male,23.5,0,0,7.2292,C,Third,man,True,,Cherbourg,no,True,297,1,Cherbourg
0,1,female,2.0,1,2,151.55,S,First,child,False,C,Southampton,no,False,298,1,Southampton
1,1,male,,0,0,30.5,S,First,man,True,C,Southampton,yes,True,299,1,Southampton
1,1,female,50.0,0,1,247.5208,C,First,woman,False,B,Cherbourg,yes,False,300,1,Cherbourg
1,3,female,,0,0,7.75,Q,Third,woman,False,,Queenstown,yes,True,301,1,Queenstown
1,3,male,,2,0,23.25,Q,Third,man,True,,Queenstown,yes,False,302,1,Queenstown
0,3,male,19.0,0,0,0.0,S,Third,man,True,,Southampton,no,True,303,1,Southampton
1,2,female,,0,0,12.35,Q,Second,woman,False,E,Queenstown,yes,True,304,1,Queenstown
0,3,male,,0,0,8.05,S,Third,man,True,,Southampton,no,True,305,1,Southampton
1,1,male,0.92,1,2,151.55,S,First,child,False,C,Southampton,yes,False,306,1,Southampton
1,1,female,,0,0,110.8833,C,First,woman,False,,Cherbourg,yes,True,307,1,Cherbourg
1,1,female,17.0,1,0,108.9,C,First,woman,False,C,Cherbourg,yes,False,308,1,Cherbourg
0,2,male,30.0,1,0,24.0,C,Second,man,True,,Cherbourg,no,False,309,1,Cherbourg
1,1,female,30.0,0,0,56.9292,C,First,woman,False,E,Cherbourg,yes,True,310,1,Cherbourg
1,1,female,24.0,0,0,83.1583,C,First,woman,False,C,Cherbourg,yes,True,311,1,Cherbourg
1,1,female,18.0,2,2,262.375,C,First,woman,False,B,Cherbourg,yes,False,312,1,Cherbourg
0,2,female,26.0,1,1,26.0,S,Second,woman,False,,Southampton,no,False,313,1,Southampton
0,3,male,28.0,0,0,7.8958,S,Third,man,True,,Southampton,no,True,314,1,Southampton
0,2,male,43.0,1,1,26.25,S,Second,man,True,,Southampton,no,False,315,1,Southampton
1,3,female,26.0,0,0,7.8542,S,Third,woman,False,,Southampton,yes,True,316,1,Southampton
1,2,female,24.0,1,0,26.0,S,Second,woman,False,,Southampton,yes,False,317,1,Southampton
0,2,male,54.0,0,0,14.0,S,Second,man,True,,Southampton,no,True,318,1,Southampton
1,1,female,31.0,0,2,164.8667,S,First,woman,False,C,Southampton,yes,False,319,1,Southampton
1,1,female,40.0,1,1,134.5,C,First,woman,False,E,Cherbourg,yes,False,320,1,Cherbourg
0,3,male,22.0,0,0,7.25,S,Third,man,True,,Southampton,no,True,321,1,Southampton
0,3,male,27.0,0,0,7.8958,S,Third,man,True,,Southampton,no,True,322,1,Southampton
1,2,female,30.0,0,0,12.35,Q,Second,woman,False,,Queenstown,yes,True,323,1,Queenstown
1,2,female,22.0,1,1,29.0,S,Second,woman,False,,Southampton,yes,False,324,1,Southampton
0,3,male,,8,2,69.55,S,Third,man,True,,Southampton,no,False,325,1,Southampton
1,1,female,36.0,0,0,135.6333,C,First,woman,False,C,Cherbourg,yes,True,326,1,Cherbourg
0,3,male,61.0,0,0,6.2375,S,Third,man,True,,Southampton,no,True,327,1,Southampton
1,2,female,36.0,0,0,13.0,S,Second,woman,False,D,Southampton,yes,True,328,1,Southampton
1,3,female,31.0,1,1,20.525,S,Third,woman,False,,Southampton,yes,False,329,1,Southampton
1,1,female,16.0,0,1,57.9792,C,First,woman,False,B,Cherbourg,yes,False,330,1,Cherbourg
1,3,female,,2,0,23.25,Q,Third,woman,False,,Queenstown,yes,False,331,1,Queenstown
0,1,male,45.5,0,0,28.5,S,First,man,True,C,Southampton,no,True,332,1,Southampton
0,1,male,38.0,0,1,153.4625,S,First,man,True,C,Southampton,no,False,333,1,Southampton
0,3,male,16.0,2,0,18.0,S,Third,man,True,,Southampton,no,False,334,1,Southampton
1,1,female,,1,0,133.65,S,First,woman,False,,Southampton,yes,False,335,1,Southampton
0,3,male,,0,0,7.8958,S,Third,man,True,,Southampton,no,True,336,1,Southampton
0,1,male,29.0,1,0,66.6,S,First,man,True,C,Southampton,no,False,337,1,Southampton
1,1,female,41.0,0,0,134.5,C,First,woman,False,E,Cherbourg,yes,True,338,1,Cherbourg
1,3,male,45.0,0,0,8.05,S,Third,man,True,,Southampton,yes,True,339,1,Southampton
0,1,male,45.0,0,0,35.5,S,First,man,True,,Southampton,no,True,340,1,Southampton
1,2,male,2.0,1,1,26.0,S,Second,child,False,F,Southampton,yes,False,341,1,Southampton
1,1,female,24.0,3,2,263.0,S,First,woman,False,C,Southampton,yes,False,342,1,Southampton
0,2,male,28.0,0,0,13.0,S,Second,man,True,,Southampton,no,True,343,1,Southampton
0,2,male,25.0,0,0,13.0,S,Second,man,True,,Southampton,no,True,344,1,Southampton
0,2,male,36.0,0,0,13.0,S,Second,man,True,,Southampton,no,True,345,1,Southampton
1,2,female,24.0,0,0,13.0,S,Second,woman,False,F,Southampton,yes,True,346,1,Southampton
1,2,female,40.0,0,0,13.0,S,Second,woman,False,,Southampton,yes,True,347,1,Southampton
1,3,female,,1,0,16.1,S,Third,woman,False,,Southampton,yes,False,348,1,Southampton
1,3,male,3.0,1,1,15.9,S,Third,child,False,,Southampton,yes,False,349,1,Southampton
0,3,male,42.0,0,0,8.6625,S,Third,man,True,,Southampton,no,True,350,1,Southampton
0,3,male,23.0,0,0,9.225,S,Third,man,True,,Southampton,no,True,351,1,Southampton
0,1,male,,0,0,35.0,S,First,man,True,C,Southampton,no,True,352,1,Southampton
0,3,male,15.0,1,1,7.2292,C,Third,child,False,,Cherbourg,no,False,353,1,Cherbourg
0,3,male,25.0,1,0,17.8,S,Third,man,True,,Southampton,no,False,354,1,Southampton
0,3,male,,0,0,7.225,C,Third,man,True,,Cherbourg,no,True,355,1,Cherbourg
0,3,male,28.0,0,0,9.5,S,Third,man,True,,Southampton,no,True,356,1,Southampton
1,1,female,22.0,0,1,55.0,S,First,woman,False,E,Southampton,yes,False,357,1,Southampton
0,2,female,38.0,0,0,13.0,S,Second,woman,False,,Southampton,no,True,358,1,Southampton
1,3,female,,0,0,7.8792,Q,Third,woman,False,,Queenstown,yes,True,359,1,Queenstown
1,3,female,,0,0,7.8792,Q,Third,woman,False,,Queenstown,yes,True,360,1,Queenstown
0,3,male,40.0,1,4,27.9,S,Third,man,True,,Southampton,no,False,361,1,Southampton
0,2,male,29.0,1,0,27.7208,C,Second,man,True,,Cherbourg,no,False,362,1,Cherbourg
0,3,female,45.0,0,1,14.4542,C,Third,woman,False,,Cherbourg,no,False,363,1,Cherbourg
0,3,male,35.0,0,0,7.05,S,Third,man,True,,Southampton,no,True,364,1,Southampton
0,3,male,,1,0,15.5,Q,Third,man,True,,Queenstown,no,False,365,1,Queenstown
0,3,male,30.0,0,0,7.25,S,Third,man,True,,Southampton,no,True,366,1,Southampton
1,1,female,60.0,1,0,75.25,C,First,woman,False,D,Cherbourg,yes,False,367,1,Cherbourg
1,3,female,,0,0,7.2292,C,Third,woman,False,,Cherbourg,yes,True,368,1,Cherbourg
1,3,female,,0,0,7.75,Q,Third,woman,False,,Queenstown,yes,True,369,1,Queenstown
1,1,female,24.0,0,0,69.3,C,First,woman,False,B,Cherbourg,yes,True,370,1,Cherbourg
1,1,male,25.0,1,0,55.4417,C,First,man,True,E,Cherbourg,yes,False,371,1,Cherbourg
0,3,male,18.0,1,0,6.4958,S,Third,man,True,,Southampton,no,False,372,1,Southampton
0,3,male,19.0,0,0,8.05,S,Third,man,True,,Southampton,no,True,373,1,Southampton
0,1,male,22.0,0,0,135.6333,C,First,man,True,,Cherbourg,no,True,374,1,Cherbourg
0,3,female,3.0,3,1,21.075,S,Third,child,False,,Southampton,no,False,375,1,Southampton
1,1,female,,1,0,82.1708,C,First,woman,False,,Cherbourg,yes,False,376,1,Cherbourg
1,3,female,22.0,0,0,7.25,S,Third,woman,False,,Southampton,yes,True,377,1,Southampton
0,1,male,27.0,0,2,211.5,C,First,man,True,C,Cherbourg,no,False,378,1,Cherbourg
0,3,male,20.0,0,0,4.0125,C,Third,man,True,,Cherbourg,no,True,379,1,Cherbourg
0,3,male,19.0,0,0,7.775,S,Third,man,True,,Southampton,no,True,380,1,Southampton
1,1,female,42.0,0,0,227.525,C,First,woman,False,,Cherbourg,yes,True,381,1,Cherbourg
1,3,female,1.0,0,2,15.7417,C,Third,child,False,,Cherbourg,yes,False,382,1,Cherbourg
0,3,male,32.0,0,0,7.925,S,Third,man,True,,Southampton,no,True,383,1,Southampton
1,1,female,35.0,1,0,52.0,S,First,woman,False,,Southampton,yes,False,384,1,Southampton
0,3,male,,0,0,7.8958,S,Third,man,True,,Southampton,no,True,385,1,Southampton
0,2,male,18.0,0,0,73.5,S,Second,man,True,,Southampton,no,True,386,1,Southampton
0,3,male,1.0,5,2,46.9,S,Third,child,False,,Southampton,no,False,387,1,Southampton
1,2,female,36.0,0,0,13.0,S,Second,woman,False,,Southampton,yes,True,388,1,Southampton
0,3,male,,0,0,7.7292,Q,Third,man,True,,Queenstown,no,True,389,1,Queenstown
1,2,female,17.0,0,0,12.0,C,Second,woman,False,,Cherbourg,yes,True,390,1,Cherbourg
1,1,male,36.0,1,2,120.0,S,First,man,True,B,Southampton,yes,False,391,1,Southampton
1,3,male,21.0,0,0,7.7958,S,Third,man,True,,Southampton,yes,True,392,1,Southampton
0,3,male,28.0,2,0,7.925,S,Third,man,True,,Southampton,no,False,393,1,Southampton
1,1,female,23.0,1,0,113.275,C,First,woman,False,D,Cherbourg,yes,False,394,1,Cherbourg
1,3,female,24.0,0,2,16.7,S,Third,woman,False,G,Southampton,yes,False,395,1,Southampton
0,3,male,22.0,0,0,7.7958,S,Third,man,True,,Southampton,no,True,396,1,Southampton
0,3,female,31.0,0,0,7.8542,S,Third,woman,False,,Southampton,no,True,397,1,Southampton
0,2,male,46.0,0,0,26.0,S,Second,man,True,,Southampton,no,True,398,1,Southampton
0,2,male,23.0,0,0,10.5,S,Second,man,True,,Southampton,no,True,399,1,Southampton
1,2,female,28.0,0,0,12.65,S,Second,woman,False,,Southampton,yes,True,400,1,Southampton
1,3,male,39.0,0,0,7.925,S,Third,man,True,,Southampton,yes,True,401,1,Southampton
0,3,male,26.0,0,0,8.05,S,Third,man,True,,Southampton,no,True,402,1,Southampton
0,3,female,21.0,1,0,9.825,S,Third,woman,False,,Southampton,no,False,403,1,Southampton
0,3,male,28.0,1,0,15.85,S,Third,man,True,,Southampton,no,False,404,1,Southampton
0,3,female,20.0,0,0,8.6625,S,Third,woman,False,,Southampton,no,True,405,1,Southampton
0,2,male,34.0,1,0,21.0,S,Second,man,True,,Southampton,no,False,406,1,Southampton
0,3,male,51.0,0,0,7.75,S,Third,man,True,,Southampton,no,True,407,1,Southampton
1,2,male,3.0,1,1,18.75,S,Second,child,False,,Southampton,yes,False,408,1,Southampton
0,3,male,21.0,0,0,7.775,S,Third,man,True,,Southampton,no,True,409,1,Southampton
0,3,female,,3,1,25.4667,S,Third,woman,False,,Southampton,no,False,410,1,Southampton
0,3,male,,0,0,7.8958,S,Third,man,True,,Southampton,no,True,411,1,Southampton
0,3,male,,0,0,6.8583,Q,Third,man,True,,Queenstown,no,True,412,1,Queenstown
1,1,female,33.0,1,0,90.0,Q,First,woman,False,C,Queenstown,yes,False,413,1,Queenstown
0,2,male,,0,0,0.0,S,Second,man,True,,Southampton,no,True,414,1,Southampton
1,3,male,44.0,0,0,7.925,S,Third,man,True,,Southampton,yes,True,415,1,Southampton
0,3,female,,0,0,8.05,S,Third,woman,False,,Southampton,no,True,416,1,Southampton
1,2,female,34.0,1,1,32.5,S,Second,woman,False,,Southampton,yes,False,417,1,Southampton
1,2,female,18.0,0,2,13.0,S,Second,woman,False,,Southampton,yes,False,418,1,Southampton
0,2,male,30.0,0,0,13.0,S,Second,man,True,,Southampton,no,True,419,1, Southampton 
0,3,female,10.0,0,2,24.15,S,Third,child,False,,Southampton,no,False,420,1,Southampton
0,3,male,,0,0,7.8958,C,Third,man,True,,Cherbourg,no,True,421,1,Cherbourg
0,3,male,21.0,0,0,7.7333,Q,Third,man,True,,Queenstown,no,True,422,1,Queenstown
0,3,male,29.0,0,0,7.875,S,Third,man,True,,Southampton,no,True,423,1,Southampton
0,3,female,28.0,1,1,14.4,S,Third,woman,False,,Southampton,no,False,424,1,Southampton
0,3,male,18.0,1,1,20.2125,S,Third,man,True,,Southampton,no,False,425,1,Southampton
0,3,male,,0,0,7.25,S,Third,man,True,,Southampton,no,True,426,1,Southampton
1,2,female,28.0,1,0,26.0,S,Second,woman,False,,Southampton,yes,False,427,1,Southampton
1,2,female,19.0,0,0,26.0,S,Second,woman,False,,Southampton,yes,True,428,1,Southampton
0,3,male,,0,0,7.75,Q,Third,man,True,,Queenstown,no,True,429,1,Queenstown
1,3,male,32.0,0,0,8.05,S,Third,man,True,E,Southampton,yes,True,430,1,Southampton
1,1,male,28.0,0,0,26.55,S,First,man,True,C,Southampton,yes,True,431,1,Southampton
1,3,female,,1,0,16.1,S,Third,woman,False,,Southampton,yes,False,432,1,Southampton
1,2,female,42.0,1,0,26.0,S,Second,woman,False,,Southampton,yes,False,433,1,Southampton
0,3,male,17.0,0,0,7.125,S,Third,man,True,,Southampton,no,True,434,1,Southampton
0,1,male,50.0,1,0,55.9,S,First,man,True,E,Southampton,no,False,435,1,Southampton
1,1,female,14.0,1,2,120.0,S,First,child,False,B,Southampton,yes,False,436,1,SOUTHAMPTON
0,3,female,21.0,2,2,34.375,S,Third,woman,False,,Southampton,no,False,437,1,Southampton
1,2,female,24.0,2,3,18.75,S,Second,woman,False,,Southampton,yes,False,438,1,Southampton
0,1,male,64.0,1,4,263.0,S,First,man,True,C,Southampton,no,False,439,1,Southampton
0,2,male,31.0,0,0,10.5,S,Second,man,True,,Southampton,no,True,440,1,Southampton
1,2,female,45.0,1,1,26.25,S,Second,woman,False,,Southampton,yes,False,441,1,Southampton
0,3,male,20.0,0,0,9.5,S,Third,man,True,,Southampton,no,True,442,1,Southampton
0,3,male,25.0,1,0,7.775,S,Third,man,True,,Southampton,no,False,443,1,Southampton
1,2,female,28.0,0,0,13.0,S,Second,woman,False,,Southampton,yes,True,444,1,Southampton
1,3,male,,0,0,8.1125,S,Third,man,True,,Southampton,yes,True,445,1,Southampton
1,1,male,4.0,0,2,81.8583,S,First,child,False,A,Southampton,yes,False,446,1,Southampton
1,2,female,13.0,0,1,19.5,S,Second,child,False,,Southampton,yes,False,447,1,Southampton
1,1,male,34.0,0,0,26.55,S,First,man,True,,Southampton,yes,True,448,1,Southampton
1,3,female,5.0,2,1,19.2583,C,Third,child,False,,Cherbourg,yes,False,449,1,Cherbourg
1,1,male,52.0,0,0,30.5,S,First,man,True,C,Southampton,yes,True,450,1,Southampton
0,2,male,36.0,1,2,27.75,S,Second,man,True,,Southampton,no,False,451,1,Southampton
0,3,male,,1,0,19.9667,S,Third,man,True,,Southampton,no,False,452,1,Southampton
0,1,male,30.0,0,0,27.75,C,First,man,True,C,Cherbourg,no,True,453,1,Cherbourg
1,1,male,49.0,1,0,89.1042,C,First,man,True,C,Cherbourg,yes,False,454,1,Cherbourg
0,3,male,,0,0,8.05,S,Third,man,True,,Southampton,no,True,455,1,Southampton
1,3,male,29.0,0,0,7.8958,C,Third,man,True,,Cherbourg,yes,True,456,1,Cherbourg
0,1,male,65.0,0,0,26.55,S,First,man,True,E,Southampton,no,True,457,1,Southampton
1,1,female,,1,0,51.8625,S,First,woman,False,D,Southampton,yes,False,458,1,Southampton
1,2,female,50.0,0,0,10.5,S,Second,woman,False,,Southampton,yes,True,459,1,Southampton
0,3,male,,0,0,7.75,Q,Third,man,True,,Queenstown,no,True,460,1,Queenstown
1,1,male,48.0,0,0,26.55,S,First,man,True,E,Southampton,yes,True,461,1,Southampton
0,3,male,34.0,0,0,8.05,S,Third,man,True,,Southampton,no,True,462,1,Southampton
0,1,male,47.0,0,0,38.5,S,First,man,True,E,Southampton,no,True,463,1,Southampton
0,2,male,48.0,0,0,13.0,S,Second,man,True,,Southampton,no,True,464,1,Southampton
0,3,male,,0,0,8.05,S,Third,man,True,,Southampton,no,True,465,1,Southampton
0,3,male,38.0,0,0,7.05,S,Third,man,True,,Southampton,no,True,466,1,Southampton
0,2,male,,0,0,0.0,S,Second,man,True,,Southampton,no,True,467,1,Southampton
0,1,male,56.0,0,0,26.55,S,First,man,True,,Southampton,no,True,468,1,Southampton
0,3,male,,0,0,7.725,Q,Third,man,True,,Queenstown,no,True,469,1,Queenstown
1,3,female,0.75,2,1,19.2583,C,Third,child,False,,Cherbourg,yes,False,470,1,Cherbourg
0,3,male,,0,0,7.25,S,Third,man,True,,Southampton,no,True,471,1,Southampton
0,3,male,38.0,0,0,8.6625,S,Third,man,True,,Southampton,no,True,472,1,Southampton
1,2,female,33.0,1,2,27.75,S,Second,woman,False,,Southampton,yes,False,473,1,Southampton
1,2,female,23.0,0,0,13.7917,C,Second,woman,False,D,Cherbourg,yes,True,474,1,Cherbourg
0,3,female,22.0,0,0,9.8375,S,Third,woman,False,,Southampton,no,True,475,1,Southampton
0,1,male,,0,0,52.0,S,First,man,True,A,Southampton,no,True,476,1,Southampton
0,2,male,34.0,1,0,21.0,S,Second,man,True,,Southampton,no,False,477,1,Southampton
0,3,male,29.0,1,0,7.0458,S,Third,man,True,,Southampton,no,False,478,1,Southampton
0,3,male,22.0,0,0,7.5208,S,Third,man,True,,Southampton,no,True,479,1,Southampton
1,3,female,2.0,0,1,12.2875,S,Third,child,False,,Southampton,yes,False,480,1,Southampton
0,3,male,9.0,5,2,46.9,S,Third,child,False,,Southampton,no,False,481,1,Southampton
0,2,male,,0,0,0.0,S,Second,man,True,,Southampton,no,True,482,1,Southampton
0,3,male,50.0,0,0,8.05,S,Third,man,True,,Southampton,no,True,483,1,Southampton
1,3,female,63.0,0,0,9.5875,S,Third,woman,False,,Southampton,yes,True,484,1,Southampton
1,1,male,25.0,1,0,91.0792,C,First,man,True,B,Cherbourg,yes,False,485,1,Cherbourg
0,3,female,,3,1,25.4667,S,Third,woman,False,,Southampton,no,False,486,1,Southampton
1,1,female,35.0,1,0,90.0,S,First,woman,False,C,Southampton,yes,False,487,1,Southampton
0,1,male,58.0,0,0,29.7,C,First,man,True,B,Cherbourg,no,True,488,1,Cherbourg
0,3,male,30.0,0,0,8.05,S,Third,man,True,,Southampton,no,True,489,1,Southampton
1,3,male,9.0,1,1,15.9,S,Third,child,False,,Southampton,yes,False,490,1,Southampton
0,3,male,,1,0,19.9667,S,Third,man,True,,Southampton,no,False,491,1,Southampton
0,3,male,21.0,0,0,7.25,S,Third,man,True,,Southampton,no,True,492,1,Southampton
0,1,male,55.0,0,0,30.5,S,First,man,True,C,Southampton,no,True,493,1,Southampton
0,1,male,71.0,0,0,49.5042,C,First,man,True,,Cherbourg,no,True,494,1,Cherbourg
0,3,male,21.0,0,0,8.05,S,Third,man,True,,Southampton,no,True,495,1,Southampton
0,3,male,,0,0,14.4583,C,Third,man,True,,Cherbourg,no,True,496,1,Cherbourg
1,1,female,54.0,1,0,78.2667,C,First,woman,False,D,Cherbourg,yes,False,497,1,Cherbourg
0,3,male,,0,0,15.1,S,Third,man,True,,Southampton,no,True,498,1,Southampton
0,1,female,25.0,1,2,151.55,S,First,woman,False,C,Southampton,no,False,499,1,Southampton
0,3,male,24.0,0,0,7.7958,S,Third,man,True,,Southampton,no,True,500,1,Southampton
0,3,male,17.0,0,0,8.6625,S,Third,man,True,,Southampton,no,True,501,1,Southampton
0,3,female,21.0,0,0,7.75,Q,Third,woman,False,,Queenstown,no,True,502,1,Queenstown
0,3,female,,0,0,7.6292,Q,Third,woman,False,,Queenstown,no,True,503,1,Queenstown
0,3,female,37.0,0,0,9.5875,S,Third,woman,False,,Southampton,no,True,504,1,Southampton
1,1,female,16.0,0,0,86.5,S,First,woman,False,B,Southampton,yes,True,505,1,Southampton
0,1,male,18.0,1,0,108.9,C,First,man,True,C,Cherbourg,no,False,506,1,Cherbourg
1,2,female,33.0,0,2,26.0,S,Second,woman,False,,Southampton,yes,False,507,1,Southampton
1,1,male,,0,0,26.55,S,First,man,True,,Southampton,yes,True,508,1,Southampton
0,3,male,28.0,0,0,22.525,S,Third,man,True,,Southampton,no,True,509,1,Southampton
1,3,male,26.0,0,0,56.4958,S,Third,man,True,,Southampton,yes,True,510,1,Southampton
1,3,male,29.0,0,0,7.75,Q,Third,man,True,,Queenstown,yes,True,511,1,Queenstown
0,3,male,,0,0,8.05,S,Third,man,True,,Southampton,no,True,512,1,Southampton
1,1,male,36.0,0,0,26.2875,S,First,man,True,E,Southampton,yes,True,513,1,Southampton
1,1,female,54.0,1,0,59.4,C,First,woman,False,,Cherbourg,yes,False,514,1,Cherbourg
0,3,male,24.0,0,0,7.4958,S,Third,man,True,,Southampton,no,True,515,1,Southampton
0,1,male,47.0,0,0,34.0208,S,First,man,True,D,Southampton,no,True,516,1,Southampton
1,2,female,34.0,0,0,10.5,S,Second,woman,False,F,Southampton,yes,True,517,1,Southampton
0,3,male,,0,0,24.15,Q,Third,man,True,,Queenstown,no,True,518,1,Queenstown
1,2,female,36.0,1,0,26.0,S,Second,woman,False,,Southampton,yes,False,519,1,Southampton
0,3,male,32.0,0,0,7.8958,S,Third,man,True,,Southampton,no,True,520,1,Southampton
1,1,female,30.0,0,0,93.5,S,First,woman,False,B,Southampton,yes,True,521,1,Southampton
0,3,male,22.0,0,0,7.8958,S,Third,man,True,,Southampton,no,True,522,1,Southampton
0,3,male,,0,0,7.225,C,Third,man,True,,Cherbourg,no,True,523,1,Cherbourg
1,1,female,44.0,0,1,57.9792,C,First,woman,False,B,Cherbourg,yes,False,524,1,Cherbourg
0,3,male,,0,0,7.2292,C,Third,man,True,,Cherbourg,no,True,525,1,Cherbourg
0,3,male,40.5,0,0,7.75,Q,Third,man,True,,Queenstown,no,True,526,1,Queenstown
1,2,female,50.0,0,0,10.5,S,Second,woman,False,,Southampton,yes,True,527,1,Southampton
0,1,male,,0,0,221.7792,S,First,man,True,C,Southampton,no,True,528,1,Southampton
0,3,male,39.0,0,0,7.925,S,Third,man,True,,Southampton,no,True,529,1,Southampton
0,2,male,23.0,2,1,11.5,S,Second,man,True,,Southampton,no,False,530,1,Southampton
1,2,female,2.0,1,1,26.0,S,Second,child,False,,Southampton,yes,False,531,1,Southampton
0,3,male,,0,0,7.2292,C,Third,man,True,,Cherbourg,no,True,532,1,Cherbourg
0,3,male,17.0,1,1,7.2292,C,Third,man,True,,Cherbourg,no,False,533,1,Cherbourg
1,3,female,,0,2,22.3583,C,Third,woman,False,,Cherbourg,yes,False,534,1,Cherbourg
0,3,female,30.0,0,0,8.6625,S,Third,woman,False,,Southampton,no,True,535,1,Southampton
1,2,female,7.0,0,2,26.25,S,Second,child,False,,Southampton,yes,False,536,1,Southampton
0,1,male,45.0,0,0,26.55,S,First,man,True,B,Southampton,no,True,537,1,Southampton
1,1,female,30.0,0,0,106.425,C,First,woman,False,,Cherbourg,yes,True,538,1,Cherbourg
0,3,male,,0,0,14.5,S,Third,man,True,,Southampton,no,True,539,1,Southampton
1,1,female,22.0,0,2,49.5,C,First,woman,False,B,Cherbourg,yes,False,540,1,Cherbourg
1,1,female,36.0,0,2,71.0,S,First,woman,False,B,Southampton,yes,False,541,1,Southampton
0,3,female,9.0,4,2,31.275,S,Third,child,False,,Southampton,no,False,542,1,Southampton
0,3,female,11.0,4,2,31.275,S,Third,child,False,,Southampton,no,False,543,1,Southampton
1,2,male,32.0,1,0,26.0,S,Second,man,True,,Southampton,yes,False,544,1,Southampton
0,1,male,50.0,1,0,106.425,C,First,man,True,C,Cherbourg,no,False,545,1,Cherbourg
0,1,male,64.0,0,0,26.0,S,First,man,True,,Southampton,no,True,546,1,Southampton
1,2,female,19.0,1,0,26.0,S,Second,woman,False,,Southampton,yes,False,547,1,Southampton
1,2,male,,0,0,13.8625,C,Second,man,True,,Cherbourg,yes,True,548,1,Cherbourg
0,3,male,33.0,1,1,20.525,S,Third,man,True,,Southampton,no,False,549,1,Southampton
1,2,male,8.0,1,1,36.75,S,Second,child,False,,Southampton,yes,False,550,1,Southampton
1,1,male,17.0,0,2,110.8833,C,First,man,True,C,Cherbourg,yes,False,551,1,Cherbourg
0,2,male,27.0,0,0,26.0,S,Second,man,True,,Southampton,no,True,552,1,Southampton
0,3,male,,0,0,7.8292,Q,Third,man,True,,Queenstown,no,True,553,1,Queenstown
1,3,male,22.0,0,0,7.225,C,Third,man,True,,Cherbourg,yes,True,554,1,Cherbourg
1,3,female,22.0,0,0,7.775,S,Third,woman,False,,Southampton,yes,True,555,1,Southampton
0,1,male,62.0,0,0,26.55,S,First,man,True,,Southampton,no,True,556,1,Southampton
1,1,female,48.0,1,0,39.6,C,First,woman,False,A,Cherbourg,yes,False,557,1,Cherbourg
0,1,male,,0,0,227.525,C,First,man,True,,Cherbourg,no,True,558,1,Cherbourg
1,1,female,39.0,1,1,79.65,S,First,woman,False,E,Southampton,yes,False,559,1,Southampton
1,3,female,36.0,1,0,17.4,S,Third,woman,False,,Southampton,yes,False,560,1,Southampton
0,3,male,,0,0,7.75,Q,Third,man,True,,Queenstown,no,True,561,1,Queenstown
0,3,male,40.0,0,0,7.8958,S,Third,man,True,,Southampton,no,True,562,1,Southampton
0,2,male,28.0,0,0,13.5,S,Second,man,True,,Southampton,no,True,563,1,Southampton
0,3,male,,0,0,8.05,S,Third,man,True,,Southampton,no,True,564,1,Southampton
0,3,female,,0,0,8.05,S,Third,woman,False,,Southampton,no,True,565,1,Southampton
0,3,male,24.0,2,0,24.15,S,Third,man,True,,Southampton,no,False,566,1,Southampton
0,3,male,19.0,0,0,7.8958,S,Third,man,True,,Southampton,no,True,567,1,Southampton
0,3,female,29.0,0,4,21.075,S,Third,woman,False,,Southampton,no,False,568,1,Southampton
0,3,male,,0,0,7.2292,C,Third,man,True,,Cherbourg,no,True,569,1,Cherbourg
1,3,male,32.0,0,0,7.8542,S,Third,man,True,,Southampton,yes,True,570,1,Southampton
1,2,male,62.0,0,0,10.5,S,Second,man,True,,Southampton,yes,True,571,1,Southampton
1,1,female,53.0,2,0,51.4792,S,First,woman,False,C,Southampton,yes,False,572,1,Southampton
1,1,male,36.0,0,0,26.3875,S,First,man,True,E,Southampton,yes,True,573,1,Southampton
1,3,female,,0,0,7.75,Q,Third,woman,False,,Queenstown,yes,True,574,1,Queenstown
0,3,male,16.0,0,0,8.05,S,Third,man,True,,Southampton,no,True,575,1,Southampton
0,3,male,19.0,0,0,14.5,S,Third,man,True,,Southampton,no,True,576,1,Southampton
1,2,female,34.0,0,0,13.0,S,Second,woman,False,,Southampton,yes,True,577,1,Southampton
1,1,female,39.0,1,0,55.9,S,First,woman,False,E,Southampton,yes,False,578,1,Southampton
0,3,female,,1,0,14.4583,C,Third,woman,False,,Cherbourg,no,False,579,1,Cherbourg
1,3,male,32.0,0,0,7.925,S,Third,man,True,,Southampton,yes,True,580,1,Southampton
1,2,female,25.0,1,1,30.0,S,Second,woman,False,,Southampton,yes,False,581,1,Southampton
1,1,female,39.0,1,1,110.8833,C,First,woman,False,C,Cherbourg,yes,False,582,1,Cherbourg
0,2,male,54.0,0,0,26.0,S,Second,man,True,,Southampton,no,True,583,1,Southampton
0,1,male,36.0,0,0,40.125,C,First,man,True,A,Cherbourg,no,True,584,1,Cherbourg
0,3,male,,0,0,8.7125,C,Third,man,True,,Cherbourg,no,True,585,1,Cherbourg
1,1,female,18.0,0,2,79.65,S,First,woman,False,E,Southampton,yes,False,586,1,unknown
0,2,male,47.0,0,0,15.0,S,Second,man,True,,Southampton,no,True,587,1,Southampton
1,1,male,60.0,1,1,79.2,C,First,man,True,B,Cherbourg,yes,False,588,1,Cherbourg
0,3,male,22.0,0,0,8.05,S,Third,man,True,,Southampton,no,True,589,1,Southampton
0,3,male,,0,0,8.05,S,Third,man,True,,Southampton,no,True,590,1,Southampton
0,3,male,35.0,0,0,7.125,S,Third,man,True,,Southampton,no,True,591,1,Southampton
1,1,female,52.0,1,0,78.2667,C,First,woman,False,D,Cherbourg,yes,False,592,1,Cherbourg
0,3,male,47.0,0,0,7.25,S,Third,man,True,,Southampton,no,True,593,1,Southampton
0,3,female,,0,2,7.75,Q,Third,woman,False,,Queenstown,no,False,594,1,Queenstown
0,2,male,37.0,1,0,26.0,S,Second,man,True,,Southampton,no,False,595,1,Southampton
0,3,male,36.0,1,1,24.15,S,Third,man,True,,Southampton,no,False,596,1,Southampton
1,2,female,,0,0,33.0,S,Second,woman,False,,Southampton,yes,True,597,1,Southampton
0,3,male,49.0,0,0,0.0,S,Third,man,True,,Southampton,no,True,598,1,Southampton
0,3,male,,0,0,7.225,C,Third,man,True,,Cherbourg,no,True,599,1,Cherbourg
1,1,male,49.0,1,0,56.9292,C,First,man,True,A,Cherbourg,yes,False,600,1,Cherbourg
1,2,female,24.0,2,1,27.0,S,Second,woman,False,,Southampton,yes,False,601,1,Southampton
0,3,male,,0,0,7.8958,S,Third,man,True,,Southampton,no,True,602,1,Southampton
0,1,male,,0,0,42.4,S,First,man,True,,Southampton,no,True,603,1,Southampton
0,3,male,44.0,0,0,8.05,S,Third,man,True,,Southampton,no,True,604,1,Southampton
1,1,male,35.0,0,0,26.55,C,First,man,True,,Cherbourg,yes,True,605,1,Cherbourg
0,3,male,36.0,1,0,15.55,S,Third,man,True,,Southampton,no,False,606,1,Southampton
0,3,male,30.0,0,0,7.8958,S,Third,man,True,,Southampton,no,True,607,1,Southampton
1,1,male,27.0,0,0,30.5,S,First,man,True,,Southampton,yes,True,608,1,Southampton
1,2,female,22.0,1,2,41.5792,C,Second,woman,False,,Cherbourg,yes,False,609,1,Cherbourg
1,1,female,40.0,0,0,153.4625,S,First,woman,False,C,Southampton,yes,True,610,1,Southampton
0,3,female,39.0,1,5,31.275,S,Third,woman,False,,Southampton,no,False,611,1,Southampton
0,3,male,,0,0,7.05,S,Third,man,True,,Southampton,no,True,612,1,Southampton
1,3,female,,1,0,15.5,Q,Third,woman,False,,Queenstown,yes,False,613,1,Queenstown
0,3,male,,0,0,7.75,Q,Third,man,True,,Queenstown,no,True,614,1,Queenstown
0,3,male,35.0,0,0,8.05,S,Third,man,True,,Southampton,no,True,615,1,Southampton
1,2,female,24.0,1,2,65.0,S,Second,woman,False,,Southampton,yes,False,616,1,Southampton
0,3,male,34.0,1,1,14.4,S,Third,man,True,,Southampton,no,False,617,1,Southampton
0,3,female,26.0,1,0,16.1,S,Third,woman,False,,Southampton,no,False,618,1,Southampton
1,2,female,4.0,2,1,39.0,S,Second,child,False,F,Southampton,yes,False,619,1,Southampton
0,2,male,26.0,0,0,10.5,S,Second,man,True,,Southampton,no,True,620,1,Southampton
0,3,male,27.0,1,0,14.4542,C,Third,man,True,,Cherbourg,no,False,621,1,Cherbourg
1,1,male,42.0,1,0,52.5542,S,First,man,True,D,Southampton,yes,False,622,1,Southampton
1,3,male,20.0,1,1,15.7417,C,Third,man,True,,Cherbourg,yes,False,623,1,Cherbourg
0,3,male,21.0,0,0,7.8542,S,Third,man,True,,Southampton,no,True,624,1,Southampton
0,3,male,21.0,0,0,16.1,S,Third,man,True,,Southampton,no,True,625,1,Southampton
0,1,male,61.0,0,0,32.3208,S,First,man,True,D,Southampton,no,True,626,1,Southampton
0,2,male,57.0,0,0,12.35,Q,Second,man,True,,Queenstown,no,True,627,1,Queenstown
1,1,female,21.0,0,0,77.9583,S,First,woman,False,D,Southampton,yes,True,628,1,Southampton
0,3,male,26.0,0,0,7.8958,S,Third,man,True,,Southampton,no,True,629,1,Southampton
0,3,male,,0,0,7.7333,Q,Third,man,True,,Queenstown,no,True,630,1,Queenstown
1,1,male,80.0,0,0,30.0,S,First,man,True,A,Southampton,yes,True,631,1,Southampton
0,3,male,51.0,0,0,7.0542,S,Third,man,True,,Southampton,no,True,632,1,Southampton
1,1,male,32.0,0,0,30.5,C,First,man,True,B,Cherbourg,yes,True,633,1,Cherbourg
0,1,male,,0,0,0.0,S,First,man,True,,Southampton,no,True,634,1,Southampton
0,3,female,9.0,3,2,27.9,S,Third,child,False,,Southampton,no,False,635,1,Southampton
1,2,female,28.0,0,0,13.0,S,Second,woman,False,,Southampton,yes,True,636,1,Southampton
0,3,male,32.0,0,0,7.925,S,Third,man,True,,Southampton,no,True,637,1,Southampton
0,2,male,31.0,1,1,26.25,S,Second,man,True,,Southampton,no,False,638,1,Southampton
0,3,female,41.0,0,5,39.6875,S,Third,woman,False,,Southampton,no,False,639,1,Southampton
0,3,male,,1,0,16.1,S,Third,man,True,,Southampton,no,False,640,1,Southampton
0,3,male,20.0,0,0,7.8542,S,Third,man,True,,Southampton,no,True,641,1,Southampton
1,1,female,24.0,0,0,69.3,C,First,woman,False,B,Cherbourg,yes,True,642,1,Cherbourg
0,3,female,2.0,3,2,27.9,S,Third,child,False,,Southampton,no,False,643,1,Southampton
1,3,male,,0,0,56.4958,S,Third,man,True,,Southampton,yes,True,644,1,Southampton
1,3,female,0.75,2,1,19.2583,C,Third,child,False,,Cherbourg,yes,False,645,1,Cherbourg
1,1,male,48.0,1,0,76.7292,C,First,man,True,D,Cherbourg,yes,False,646,1,Cherbourg
0,3,male,19.0,0,0,7.8958,S,Third,man,True,,Southampton,no,True,647,1,Southampton
1,1,male,56.0,0,0,35.5,C,First,man,True,A,Cherbourg,yes,True,648,1,Cherbourg
0,3,male,,0,0,7.55,S,Third,man,True,,Southampton,no,True,649,1,Southampton
1,3,female,23.0,0,0,7.55,S,Third,woman,False,,Southampton,yes,True,650,1,Southampton
0,3,male,,0,0,7.8958,S,Third,man,True,,Southampton,no,True,651,1,Southampton
1,2,female,18.0,0,1,23.0,S,Second,woman,False,,Southampton,yes,False,652,1,Southampton
0,3,male,21.0,0,0,8.4333,S,Third,man,True,,Southampton,no,True,653,1,Southampton
1,3,female,,0,0,7.8292,Q,Third,woman,False,,Queenstown,yes,True,654,1,Queenstown
0,3,female,18.0,0,0,6.75,Q,Third,woman,False,,Queenstown,no,True,655,1,Queenstown
0,2,male,24.0,2,0,73.5,S,Second,man,True,,Southampton,no,False,656,1,Southampton
0,3,male,,0,0,7.8958,S,Third,man,True,,Southampton,no,True,657,1,Southampton
0,3,female,32.0,1,1,15.5,Q,Third,woman,False,,Queenstown,no,False,658,1,Queenstown
0,2,male,23.0,0,0,13.0,S,Second,man,True,,Southampton,no,True,659,1,Southampton
0,1,male,58.0,0,2,113.275,C,First,man,True,D,Cherbourg,no,False,660,1,Cherbourg
1,1,male,50.0,2,0,133.65,S,First,man,True,,Southampton,yes,False,661,1,Southampton
0,3,male,40.0,0,0,7.225,C,Third,man,True,,Cherbourg,no,True,662,1,Cherbourg
0,1,male,47.0,0,0,25.5875,S,First,man,True,E,Southampton,no,True,663,1,Southampton
0,3,male,36.0,0,0,7.4958,S,Third,man,True,,Southampton,no,True,664,1,Southampton
1,3,male,20.0,1,0,7.925,S,Third,man,True,,Southampton,yes,False,665,1,Southampton
0,2,male,32.0,2,0,73.5,S,Second,man,True,,Southampton,no,False,666,1,Southampton
0,2,male,25.0,0,0,13.0,S,Second,man,True,,Southampton,no,True,667,1,Southampton
0,3,male,,0,0,7.775,S,Third,man,True,,Southampton,no,True,668,1,Southampton
0,3,male,43.0,0,0,8.05,S,Third,man,True,,Southampton,no,True,669,1,Southampton
1,1,female,,1,0,52.0,S,First,woman,False,C,Southampton,yes,False,670,1,Southampton
1,2,female,40.0,1,1,39.0,S,Second,woman,False,,Southampton,yes,False,671,1,Southampton
0,1,male,31.0,1,0,52.0,S,First,man,True,B,Southampton,no,False,672,1,Southampton
0,2,male,70.0,0,0,10.5,S,Second,man,True,,Southampton,no,True,673,1,Southampton
1,2,male,31.0,0,0,13.0,S,Second,man,True,,Southampton,yes,True,674,1,Southampton
0,2,male,,0,0,0.0,S,Second,man,True,,Southampton,no,True,675,1,Southampton
0,3,male,18.0,0,0,7.775,S,Third,man,True,,Southampton,no,True,676,1,Southampton
0,3,male,24.5,0,0,8.05,S,Third,man,True,,Southampton,no,True,677,1,Southampton
1,3,female,18.0,0,0,9.8417,S,Third,woman,False,,Southampton,yes,True,678,1,Southampton
0,3,female,43.0,1,6,46.9,S,Third,woman,False,,Southampton,no,False,679,1,Southampton
1,1,male,36.0,0,1,512.3292,C,First,man,True,B,Cherbourg,yes,False,680,1,Cherbourg
0,3,female,,0,0,8.1375,Q,Third,woman,False,,Queenstown,no,True,681,1,Queenstown
1,1,male,27.0,0,0,76.7292,C,First,man,True,D,Cherbourg,yes,True,682,1,Cherbourg
0,3,male,20.0,0,0,9.225,S,Third,man,True,,Southampton,no,True,683,1,Southampton
0,3,male,14.0,5,2,46.9,S,Third,child,False,,Southampton,no,False,684,1,Southampton
0,2,male,60.0,1,1,39.0,S,Second,man,True,,Southampton,no,False,685,1,Southampton
0,2,male,25.0,1,2,41.5792,C,Second,man,True,,Cherbourg,no,False,686,1,Cherbourg
0,3,male,14.0,4,1,39.6875,S,Third,child,False,,Southampton,no,False,687,1,Southampton
0,3,male,19.0,0,0,10.1708,S,Third,man,True,,Southampton,no,True,688,1,Southampton
0,3,male,18.0,0,0,7.7958,S,Third,man,True,,Southampton,no,True,689,1,Southampton
1,1,female,15.0,0,1,211.3375,S,First,child,False,B,Southampton,yes,False,690,1,Southampton
1,1,male,31.0,1,0,57.0,S,First,man,True,B,Southampton,yes,False,691,1,Southampton
1,3,female,4.0,0,1,13.4167,C,Third,child,False,,Cherbourg,yes,False,692,1,Cherbourg
1,3,male,,0,0,56.4958,S,Third,man,True,,Southampton,yes,True,693,1,Southampton
0,3,male,25.0,0,0,7.225,C,Third,man,True,,Cherbourg,no,True,694,1,Cherbourg
0,1,male,60.0,0,0,26.55,S,First,man,True,,Southampton,no,True,695,1,Southampton
0,2,male,52.0,0,0,13.5,S,Second,man,True,,Southampton,no,True,696,1,Southampton
0,3,male,44.0,0,0,8.05,S,Third,man,True,,Southampton,no,True,697,1,Southampton
1,3,female,,0,0,7.7333,Q,Third,woman,False,,Queenstown,yes,True,698,1,Queenstown
0,1,male,49.0,1,1,110.8833,C,First,man,True,C,Cherbourg,no,False,699,1,Cherbourg
0,3,male,42.0,0,0,7.65,S,Third,man,True,F,Southampton,no,True,700,1,Southampton
1,1,female,18.0,1,0,227.525,C,First,woman,False,C,Cherbourg,yes,False,701,1,Cherbourg
1,1,male,35.0,0,0,26.2875,S,First,man,True,E,Southampton,yes,True,702,1,Southampton
0,3,female,18.0,0,1,14.4542,C,Third,woman,False,,Cherbourg,no,False,703,1,Cherbourg
0,3,male,25.0,0,0,7.7417,Q,Third,man,True,,Queenstown,no,True,704,1,Queenstown
0,3,male,26.0,1,0,7.8542,S,Third,man,True,,Southampton,no,False,705,1,Southampton
0,2,male,39.0,0,0,26.0,S,Second,man,True,,Southampton,no,True,706,1,Southampton
1,2,female,45.0,0,0,13.5,S,Second,woman,False,,Southampton,yes,True,707,1,Southampton
1,1,male,42.0,0,0,26.2875,S,First,man,True,E,Southampton,yes,True,708,1,Southampton
1,1,female,22.0,0,0,151.55,S,First,woman,False,,Southampton,yes,True,709,1,Southampton
1,3,male,,1,1,15.2458,C,Third,man,True,,Cherbourg,yes,False,710,1,Cherbourg
1,1,female,24.0,0,0,49.5042,C,First,woman,False,C,Cherbourg,yes,True,711,1,Cherbourg
0,1,male,,0,0,26.55,S,First,man,True,C,Southampton,no,True,712,1,Southampton
1,1,male,48.0,1,0,52.0,S,First,man,True,C,Southampton,yes,False,713,1,Southampton
0,3,male,29.0,0,0,9.4833,S,Third,man,True,,Southampton,no,True,714,1,Southampton
0,2,male,52.0,0,0,13.0,S,Second,man,True,,Southampton,no,True,715,1,Southampton
0,3,male,19.0,0,0,7.65,S,Third,man,True,F,Southampton,no,True,716,1,Southampton
1,1,female,38.0,0,0,227.525,C,First,woman,False,C,Cherbourg,yes,True,717,1,Cherbourg
1,2,female,27.0,0,0,10.5,S,Second,woman,False,E,Southampton,yes,True,718,1,Southampton
0,3,male,,0,0,15.5,Q,Third,man,True,,Queenstown,no,True,719,1,Queenstown
0,3,male,33.0,0,0,7.775,S,Third,man,True,,Southampton,no,True,720,1,Southampton
1,2,female,6.0,0,1,33.0,S,Second,child,False,,Southampton,yes,False,721,1,Southampton
0,3,male,17.0,1,0,7.0542,S,Third,man,True,,Southampton,no,False,722,1,Southampton
0,2,male,34.0,0,0,13.0,S,Second,man,True,,Southampton,no,True,723,1,Southampton
0,2,male,50.0,0,0,13.0,S,Second,man,True,,Southampton,no,True,724,1,Southampton
1,1,male,27.0,1,0,53.1,S,First,man,True,E,Southampton,yes,False,725,1,Southampton
0,3,male,20.0,0,0,8.6625,S,Third,man,True,,Southampton,no,True,726,1,Southampton
1,2,female,30.0,3,0,21.0,S,Second,woman,False,,Southampton,yes,False,727,1,Southampton
1,3,female,,0,0,7.7375,Q,Third,woman,False,,Queenstown,yes,True,728,1,Queenstown
0,2,male,25.0,1,0,26.0,S,Second,man,True,,Southampton,no,False,729,1,Southampton
0,3,female,25.0,1,0,7.925,S,Third,woman,False,,Southampton,no,False,730,1,Southampton
1,1,female,29.0,0,0,211.3375,S,First,woman,False,B,Southampton,yes,True,731,1,Southampton
0,3,male,11.0,0,0,18.7875,C,Third,child,False,,Cherbourg,no,True,732,1,Cherbourg
0,2,male,,0,0,0.0,S,Second,man,True,,Southampton,no,True,733,1,Southampton
0,2,male,23.0,0,0,13.0,S,Second,man,True,,Southampton,no,True,734,1,Southampton
0,2,male,23.0,0,0,13.0,S,Second,man,True,,Southampton,no,True,735,1,Southampton
0,3,male,28.5,0,0,16.1,S,Third,man,True,,Southampton,no,True,736,1,Southampton
0,3,female,48.0,1,3,34.375,S,Third,woman,False,,Southampton,no,False,737,1,Southampton
1,1,male,35.0,0,0,512.3292,C,First,man,True,B,Cherbourg,yes,True,738,1,Cherbourg
0,3,male,,0,0,7.8958,S,Third,man,True,,Southampton,no,True,739,1,Southampton
0,3,male,,0,0,7.8958,S,Third,man,True,,Southampton,no,True,740,1,Southampton
1,1,male,,0,0,30.0,S,First,man,True,D,Southampton,yes,True,741,1,Southampton
0,1,male,36.0,1,0,78.85,S,First,man,True,C,Southampton,no,False,742,1,Southampton
1,1,female,21.0,2,2,262.375,C,First,woman,False,B,Cherbourg,yes,False,743,1,Cherbourg
0,3,male,24.0,1,0,16.1,S,Third,man,True,,Southampton,no,False,744,1,Southampton
1,3,male,31.0,0,0,7.925,S,Third,man,True,,Southampton,yes,True,745,1,Southampton
0,1,male,70.0,1,1,71.0,S,First,man,True,B,Southampton,no,False,746,1,Southampton
0,3,male,16.0,1,1,20.25,S,Third,man,True,,Southampton,no,False,747,1,Southampton
1,2,female,30.0,0,0,13.0,S,Second,woman,False,,Southampton,yes,True,748,1,Southampton
0,1,male,19.0,1,0,53.1,S,First,man,True,D,Southampton,no,False,749,1,Southampton
0,3,male,31.0,0,0,7.75,Q,Third,man,True,,Queenstown,no,True,750,1,Queenstown
1,2,female,4.0,1,1,23.0,S,Second,child,False,,Southampton,yes,False,751,1,Southampton
1,3,male,6.0,0,1,12.475,S,Third,child,False,E,Southampton,yes,False,752,1,Southampton
0,3,male,33.0,0,0,9.5,S,Third,man,True,,Southampton,no,True,753,1,Southampton
0,3,male,23.0,0,0,7.8958,S,Third,man,True,,Southampton,no,True,754,1,Southampton
1,2,female,48.0,1,2,65.0,S,Second,woman,False,,Southampton,yes,False,755,1,Southampton
1,2,male,0.67,1,1,14.5,S,Second,child,False,,Southampton,yes,False,756,1,Southampton
0,3,male,28.0,0,0,7.7958,S,Third,man,True,,Southampton,no,True,757,1,Southampton
0,2,male,18.0,0,0,11.5,S,Second,man,True,,Southampton,no,True,758,1,Southampton
0,3,male,34.0,0,0,8.05,S,Third,man,True,,Southampton,no,True,759,1,Southampton
1,1,female,33.0,0,0,86.5,S,First,woman,False,B,Southampton,yes,True,760,1,Southampton
0,3,male,,0,0,14.5,S,Third,man,True,,Southampton,no,True,761,1,Southampton
0,3,male,41.0,0,0,7.125,S,Third,man,True,,Southampton,no,True,762,1,Southampton
1,3,male,20.0,0,0,7.2292,C,Third,man,True,,Cherbourg,yes,True,763,1,Cherbourg
1,1,female,36.0,1,2,120.0,S,First,woman,False,B,Southampton,yes,False,764,1,Southampton
0,3,male,16.0,0,0,7.775,S,Third,man,True,,Southampton,no,True,765,1,Southampton
1,1,female,51.0,1,0,77.9583,S,First,woman,False,D,Southampton,yes,False,766,1,Southampton
0,1,male,,0,0,39.6,C,First,man,True,,Cherbourg,no,True,767,1,Cherbourg
0,3,female,30.5,0,0,7.75,Q,Third,woman,False,,Queenstown,no,True,768,1,Queenstown
0,3,male,,1,0,24.15,Q,Third,man,True,,Queenstown,no,False,769,1,Queenstown
0,3,male,32.0,0,0,8.3625,S,Third,man,True,,Southampton,no,True,770,1,Southampton
0,3,male,24.0,0,0,9.5,S,Third,man,True,,Southampton,no,True,771,1,Southampton
0,3,male,48.0,0,0,7.8542,S,Third,man,True,,Southampton,no,True,772,1,Southampton
0,2,female,57.0,0,0,10.5,S,Second,woman,False,E,Southampton,no,True,773,1,Southampton
0,3,male,,0,0,7.225,C,Third,man,True,,Cherbourg,no,True,774,1,Cherbourg
1,2,female,54.0,1,3,23.0,S,Second,woman,False,,Southampton,yes,False,775,1,Southampton
0,3,male,18.0,0,0,7.75,S,Third,man,True,,Southampton,no,True,776,1,Southampton
0,3,male,,0,0,7.75,Q,Third,man,True,F,Queenstown,no,True,777,1,Queenstown
1,3,female,5.0,0,0,12.475,S,Third,child,False,,Southampton,yes,True,778,1,Southampton
0,3,male,,0,0,7.7375,Q,Third,man,True,,Queenstown,no,True,779,1,Queenstown
1,1,female,43.0,0,1,211.3375,S,First,woman,False,B,Southampton,yes,False,780,1,Southampton
1,3,female,13.0,0,0,7.2292,C,Third,child,False,,Cherbourg,yes,True,781,1,Cherbourg
1,1,female,17.0,1,0,57.0,S,First,woman,False,B,Southampton,yes,False,782,1,Southampton
0,1,male,29.0,0,0,30.0,S,First,man,True,D,Southampton,no,True,783,1,Southampton
0,3,male,,1,2,23.45,S,Third,man,True,,Southampton,no,False,784,1,Southampton
0,3,male,25.0,0,0,7.05,S,Third,man,True,,Southampton,no,True,785,1,Southampton
0,3,male,25.0,0,0,7.25,S,Third,man,True,,Southampton,no,True,786,1,Southampton
1,3,female,18.0,0,0,7.4958,S,Third,woman,False,,Southampton,yes,True,787,1,Southampton
0,3,male,8.0,4,1,29.125,Q,Third,child,False,,Queenstown,no,False,788,1,Queenstown
1,3,male,1.0,1,2,20.575,S,Third,child,False,,Southampton,yes,False,789,1,Southampton
0,1,male,46.0,0,0,79.2,C,First,man,True,B,Cherbourg,no,True,790,1,Cherbourg
0,3,male,,0,0,7.75,Q,Third,man,True,,Queenstown,no,True,791,1,Queenstown
0,2,male,16.0,0,0,26.0,S,Second,man,True,,Southampton,no,True,792,1,Southampton
0,3,female,,8,2,69.55,S,Third,woman,False,,Southampton,no,False,793,1,Southampton
0,1,male,,0,0,30.6958,C,First,man,True,,Cherbourg,no,True,794,1,Cherbourg
0,3,male,25.0,0,0,7.8958,S,Third,man,True,,Southampton,no,True,795,1,Southampton
0,2,male,39.0,0,0,13.0,S,Second,man,True,,Southampton,no,True,796,1,Southampton
1,1,female,49.0,0,0,25.9292,S,First,woman,False,D,Southampton,yes,True,797,1,Southampton
1,3,female,31.0,0,0,8.6833,S,Third,woman,False,,Southampton,yes,True,798,1,Southampton
0,3,male,30.0,0,0,7.2292,C,Third,man,True,,Cherbourg,no,True,799,1,Cherbourg
0,3,female,30.0,1,1,24.15,S,Third,woman,False,,Southampton,no,False,800,1,Southampton
0,2,male,34.0,0,0,13.0,S,Second,man,True,,Southampton,no,True,801,1,Southampton
1,2,female,31.0,1,1,26.25,S,Second,woman,False,,Southampton,yes,False,802,1,Southampton
1,1,male,11.0,1,2,120.0,S,First,child,False,B,Southampton,yes,False,803,1,Southampton
1,3,male,0.42,0,1,8.5167,C,Third,child,False,,Cherbourg,yes,False,804,1,Cherbourg
1,3,male,27.0,0,0,6.975,S,Third,man,True,,Southampton,yes,True,805,1,unknown
0,3,male,31.0,0,0,7.775,S,Third,man,True,,Southampton,no,True,806,1,Southampton
0,1,male,39.0,0,0,0.0,S,First,man,True,A,Southampton,no,True,807,1,Southampton
0,3,female,18.0,0,0,7.775,S,Third,woman,False,,Southampton,no,True,808,1,Southampton
0,2,male,39.0,0,0,13.0,S,Second,man,True,,Southampton,no,True,809,1,Southampton
1,1,female,33.0,1,0,53.1,S,First,woman,False,E,Southampton,yes,False,810,1,Southampton
0,3,male,26.0,0,0,7.8875,S,Third,man,True,,Southampton,no,True,811,1,Southampton
0,3,male,39.0,0,0,24.15,S,Third,man,True,,Southampton,no,True,812,1,Southampton
0,2,male,35.0,0,0,10.5,S,Second,man,True,,Southampton,no,True,813,1,Southampton
0,3,female,6.0,4,2,31.275,S,Third,child,False,,Southampton,no,False,814,1,Southampton
0,3,male,30.5,0,0,8.05,S,Third,man,True,,Southampton,no,True,815,1,Southampton
0,1,male,,0,0,0.0,S,First,man,True,B,Southampton,no,True,816,1,Southampton
0,3,female,23.0,0,0,7.925,S,Third,woman,False,,Southampton,no,True,817,1,Southampton
0,2,male,31.0,1,1,37.0042,C,Second,man,True,,Cherbourg,no,False,818,1,Cherbourg
0,3,male,43.0,0,0,6.45,S,Third,man,True,,Southampton,no,True,819,1,Southampton
0,3,male,10.0,3,2,27.9,S,Third,child,False,,Southampton,no,False,820,1,Southampton
1,1,female,52.0,1,1,93.5,S,First,woman,False,B,Southampton,yes,False,821,1,Southampton
1,3,male,27.0,0,0,8.6625,S,Third,man,True,,Southampton,yes,True,822,1,Southampton
0,1,male,38.0,0,0,0.0,S,First,man,True,,Southampton,no,True,823,1,Southampton
1,3,female,27.0,0,1,12.475,S,Third,woman,False,E,Southampton,yes,False,824,1,Southampton
0,3,male,2.0,4,1,39.6875,S,Third,child,False,,Southampton,no,False,825,1,Southampton
0,3,male,,0,0,6.95,Q,Third,man,True,,Queenstown,no,True,826,1,Queenstown
0,3,male,,0,0,56.4958,S,Third,man,True,,Southampton,no,True,827,1,Southampton
1,2,male,1.0,0,2,37.0042,C,Second,child,False,,Cherbourg,yes,False,828,1,Cherbourg
1,3,male,,0,0,7.75,Q,Third,man,True,,Queenstown,yes,True,829,1,Queenstown
1,1,female,62.0,0,0,80.0,,First,woman,False,B,,yes,True,830,1,
1,3,female,15.0,1,0,14.4542,C,Third,child,False,,Cherbourg,yes,False,831,1,Cherbourg
1,2,male,0.83,1,1,18.75,S,Second,child,False,,Southampton,yes,False,832,1,Southampton
0,3,male,,0,0,7.2292,C,Third,man,True,,Cherbourg,no,True,833,1,Cherbourg
0,3,male,23.0,0,0,7.8542,S,Third,man,True,,Southampton,no,True,834,1,Southampton
0,3,male,18.0,0,0,8.3,S,Third,man,True,,Southampton,no,True,835,1,Southampton
1,1,female,39.0,1,1,83.1583,C,First,woman,False,E,Cherbourg,yes,False,836,1,Cherbourg
0,3,male,21.0,0,0,8.6625,S,Third,man,True,,Southampton,no,True,837,1,Southampton
0,3,male,,0,0,8.05,S,Third,man,True,,Southampton,no,True,838,1,Southampton
1,3,male,32.0,0,0,56.4958,S,Third,man,True,,Southampton,yes,True,839,1,Southampton
1,1,male,,0,0,29.7,C,First,man,True,C,Cherbourg,yes,True,840,1,Cherbourg
0,3,male,20.0,0,0,7.925,S,Third,man,True,,Southampton,no,True,841,1,Southampton
0,2,male,16.0,0,0,10.5,S,Second,man,True,,Southampton,no,True,842,1,Southampton
1,1,female,30.0,0,0,31.0,C,First,woman,False,,Cherbourg,yes,True,843,1,Cherbourg
0,3,male,34.5,0,0,6.4375,C,Third,man,True,,Cherbourg,no,True,844,1,Cherbourg
0,3,male,17.0,0,0,8.6625,S,Third,man,True,,Southampton,no,True,845,1,Southampton
0,3,male,42.0,0,0,7.55,S,Third,man,True,,Southampton,no,True,846,1,Southampton
0,3,male,,8,2,69.55,S,Third,man,True,,Southampton,no,False,847,1,Southampton
0,3,male,35.0,0,0,7.8958,C,Third,man,True,,Cherbourg,no,True,848,1,Cherbourg
0,2,male,28.0,0,1,33.0,S,Second,man,True,,Southampton,no,False,849,1,Southampton
1,1,female,,1,0,89.1042,C,First,woman,False,C,Cherbourg,yes,False,850,1,Cherbourg
0,3,male,4.0,4,2,31.275,S,Third,child,False,,Southampton,no,False,851,1,Southampton
0,3,male,74.0,0,0,7.775,S,Third,man,True,,Southampton,no,True,852,1,Southampton
0,3,female,9.0,1,1,15.2458,C,Third,child,False,,Cherbourg,no,False,853,1,Cherbourg
1,1,female,16.0,0,1,39.4,S,First,woman,False,D,Southampton,yes,False,854,1,Southampton
0,2,female,44.0,1,0,26.0,S,Second,woman,False,,Southampton,no,False,855,1,Southampton
1,3,female,18.0,0,1,9.35,S,Third,woman,False,,Southampton,yes,False,856,1,Southampton
1,1,female,45.0,1,1,164.8667,S,First,woman,False,,Southampton,yes,False,857,1,Southampton
1,1,male,51.0,0,0,26.55,S,First,man,True,E,Southampton,yes,True,858,1,Southampton
1,3,female,24.0,0,3,19.2583,C,Third,woman,False,,Cherbourg,yes,False,859,1,Cherbourg
0,3,male,,0,0,7.2292,C,Third,man,True,,Cherbourg,no,True,860,1,Cherbourg
0,3,male,41.0,2,0,14.1083,S,Third,man,True,,Southampton,no,False,861,1,Southampton
0,2,male,21.0,1,0,11.5,S,Second,man,True,,Southampton,no,False,862,1,Southampton
1,1,female,48.0,0,0,25.9292,S,First,woman,False,D,Southampton,yes,True,863,1,Southampton
0,3,female,,8,2,69.55,S,Third,woman,False,,Southampton,no,False,864,1,Southampton
0,2,male,24.0,0,0,13.0,S,Second,man,True,,Southampton,no,True,865,1,Southampton
1,2,female,42.0,0,0,13.0,S,Second,woman,False,,Southampton,yes,True,866,1,Southampton
1,2,female,27.0,1,0,13.8583,C,Second,woman,False,,Cherbourg,yes,False,867,1,Cherbourg
0,1,male,31.0,0,0,50.4958,S,First,man,True,A,Southampton,no,True,868,1,Southampton
0,3,male,,0,0,9.5,S,Third,man,True,,Southampton,no,True,869,1,Southampton
1,3,male,4.0,1,1,11.1333,S,Third,child,False,,Southampton,yes,False,870,1,Southampton
0,3,male,26.0,0,0,7.8958,S,Third,man,True,,Southampton,no,True,871,1,Southampton
1,1,female,47.0,1,1,52.5542,S,First,woman,False,D,Southampton,yes,False,872,1,Southampton
0,1,male,33.0,0,0,5.0,S,First,man,True,B,Southampton,no,True,873,1,Southampton
0,3,male,47.0,0,0,9.0,S,Third,man,True,,Southampton,no,True,874,1,Southampton
1,2,female,28.0,1,0,24.0,C,Second,woman,False,,Cherbourg,yes,False,875,1,Cherbourg
1,3,female,15.0,0,0,7.225,C,Third,child,False,,Cherbourg,yes,True,876,1,Cherbourg
0,3,male,20.0,0,0,9.8458,S,Third,man,True,,Southampton,no,True,877,1,Southampton
0,3,male,19.0,0,0,7.8958,S,Third,man,True,,Southampton,no,True,878,1,Southampton
0,3,male,,0,0,7.8958,S,Third,man,True,,Southampton,no,True,879,1,Southampton
1,1,female,56.0,0,1,83.1583,C,First,woman,False,C,Cherbourg,yes,False,880,1,Cherbourg
1,2,female,25.0,0,1,26.0,S,Second,woman,False,,Southampton,yes,False,881,1,Southampton
0,3,male,33.0,0,0,7.8958,S,Third,man,True,,Southampton,no,True,882,1,Southampton
0,3,female,22.0,0,0,10.5167,S,Third,woman,False,,Southampton,no,True,883,1,Southampton
0,2,male,28.0,0,0,10.5,S,Second,man,True,,Southampton,no,True,884,1,Southampton
0,3,male,25.0,0,0,7.05,S,Third,man,True,,Southampton,no,True,885,1,Southampton
0,3,female,39.0,0,5,29.125,Q,Third,woman,False,,Queenstown,no,False,886,1,Queenstown
0,2,male,27.0,0,0,13.0,S,Second,man,True,,Southampton,no,True,887,1,Southampton
1,1,female,19.0,0,0,30.0,S,First,woman,False,B,Southampton,yes,True,888,1,Southampton
0,3,female,,1,2,23.45,S,Third,woman,False,,Southampton,no,False,889,1,Southampton
1,1,male,26.0,0,0,30.0,C,First,man,True,C,Cherbourg,yes,True,890,1,Cherbourg
0,3,male,32.0,0,0,7.75,Q,Third,man,True,,Queenstown,no,True,891,1,Queenstown
